Date,15,15.25,15.5,15.75,16,16.25,16.5,16.75,17,17.25,17.5,17.75,18,18.25,18.5,18.75,19,19.25,19.5,19.75,20,20.25,20.5,20.75,21,21.25,21.5,21.75,22,22.25,22.5,22.75,23,23.25,23.5,23.75,24,24.25,24.5,24.75,25,25.25,25.5,25.75,26,26.25,26.5,26.75,27,27.25,27.5,27.75,28,28.25,28.5,28.75,29,29.25,29.5,29.75,30
12/31/1998,,6.448,6.324,6.197,5.212,,5.279,5.318,5.351,5.373,,5.382,,5.378,5.381,,,5.391,,5.397,5.402,,5.41,,5.405,5.402,5.406,,5.408,5.411,5.41,5.407,,,5.401,5.396,5.39,,5.382,,,,,5.373,5.364,,5.366,,5.359,,5.365,5.364,5.361,,5.347,5.31,,,5.189,5.096,
1/29/1999,,6.459,6.331,6.202,5.193,,5.242,5.273,5.288,5.306,,5.318,,5.321,5.324,,,5.335,,5.342,5.348,,5.358,,5.36,5.356,5.359,,5.364,5.365,5.366,5.363,,,5.363,5.359,5.353,,5.343,,,,,5.329,5.327,,5.33,,5.317,,5.327,5.324,5.314,,5.306,5.281,,,5.181,5.094,
2/26/1999,6.964,6.836,6.704,5.762,,5.793,5.804,5.814,5.82,,5.834,,5.835,5.839,,,5.841,,5.844,5.847,,5.849,,5.853,5.852,5.853,,5.854,5.853,5.853,5.851,,,5.85,5.846,5.833,,5.818,,,,,5.805,5.802,,5.803,,5.784,,5.794,5.789,5.786,,5.779,5.768,,,5.717,5.628,5.567,
3/31/1999,6.993,6.867,6.736,5.808,,5.844,5.858,5.871,5.873,,5.888,,5.891,5.894,,,5.902,,5.907,5.913,,5.915,,5.918,5.916,5.918,,5.918,5.919,5.92,5.916,,,5.918,5.915,5.911,,5.899,,,,,5.894,5.89,,5.892,,5.874,,5.885,5.883,5.875,,5.867,5.853,,,5.801,5.718,5.626,
4/30/1999,7.011,6.882,6.751,5.852,,5.886,5.901,5.912,5.906,,5.923,,5.926,5.928,,,5.934,,5.937,5.939,,5.942,,5.945,5.944,5.947,,5.95,5.95,5.95,5.947,,,5.95,5.947,5.944,,5.933,,,,,5.924,5.922,,5.922,,5.908,,5.913,5.909,5.901,,5.894,5.885,,,5.851,5.792,5.681,
5/31/1999,7.172,7.035,6.073,,6.099,6.108,6.138,6.123,,6.14,,6.14,6.143,,,6.144,,6.147,6.149,,6.15,,6.147,6.143,6.145,,6.141,6.141,6.14,6.135,,,6.129,6.123,6.109,,6.095,,,,,6.091,6.089,,6.088,,6.061,,6.081,6.076,6.072,,6.063,6.051,,,5.992,5.94,5.833,,
6/30/1999,7.293,7.151,6.235,,6.272,6.28,6.295,6.285,,6.292,,6.294,6.299,,,6.3,,6.301,6.301,,6.299,,6.297,6.297,6.298,,6.291,6.291,6.289,6.286,,,6.272,6.27,6.253,,6.219,,,,,6.239,6.236,,6.235,,6.198,,6.221,6.217,6.211,,6.201,6.186,,,6.139,6.09,5.994,,
7/30/1999,7.41,7.266,6.339,,6.373,6.375,6.378,6.376,,6.382,,6.394,6.396,,,6.399,,6.397,6.397,,6.394,,6.394,6.395,6.395,,6.387,6.387,6.385,6.38,,,6.363,6.363,6.347,,6.323,,,,,6.324,6.321,,6.321,,6.292,,6.306,6.302,6.296,,6.292,6.277,,,6.235,6.191,6.107,,
8/31/1999,7.372,6.41,,6.445,6.467,6.47,6.471,,6.474,,6.487,6.491,,,6.488,,6.491,6.491,,6.49,,6.487,6.484,6.486,,6.478,6.478,6.478,6.472,,,6.446,6.447,6.441,,6.404,,,,,6.409,6.403,,6.403,,6.39,,6.4,6.393,6.382,,6.371,6.348,,,6.294,6.252,6.184,,6.068,
9/30/1999,7.322,6.423,,6.445,6.451,6.462,6.45,,6.454,,6.463,6.468,,,6.465,,6.467,6.47,,6.469,,6.468,6.466,6.466,,6.454,6.455,6.456,6.448,,,6.426,6.426,6.414,,6.376,,,,,6.393,6.383,,6.385,,6.362,,6.382,6.374,6.37,,6.361,6.344,,,6.293,6.248,6.181,,6.058,
10/29/1999,7.421,6.464,,6.486,6.493,6.499,6.473,,6.481,,6.5,6.504,,,6.508,,6.509,6.509,,6.509,,6.508,6.509,6.509,,6.498,6.499,6.499,6.493,,,6.471,6.471,6.456,,6.416,,,,,6.43,6.424,,6.426,,6.397,,6.417,6.41,6.404,,6.397,6.38,,,6.338,6.305,6.258,,6.155,
11/30/1999,6.648,,6.647,6.659,6.648,6.61,,6.618,,6.636,6.637,,,6.63,,6.632,6.631,,6.629,,6.625,6.624,6.623,,6.604,6.606,6.606,6.599,,,6.579,6.58,6.565,,6.527,,,,,6.54,6.529,,6.527,,6.5,,6.521,6.512,6.507,,6.505,6.488,,,6.463,6.434,6.395,,6.282,,
12/31/1999,6.825,,6.831,6.829,6.826,6.789,,6.801,,6.827,6.828,,,6.829,,6.829,6.831,,6.827,,6.829,6.829,6.828,,6.814,6.815,6.817,6.807,,,6.783,6.788,6.769,,6.73,,,,,6.738,6.731,,6.73,,6.698,,6.715,6.706,6.702,,6.695,6.683,,,6.654,6.624,6.593,,6.482,,
1/31/2000,6.773,,6.763,6.756,6.757,6.723,,6.728,,6.741,6.743,,,6.732,,6.734,6.724,,6.72,,6.713,6.71,6.709,,6.69,6.693,6.694,6.682,,,6.666,6.67,6.662,,6.636,,,,,6.637,6.628,,6.624,,6.602,,6.612,6.603,6.606,,6.598,6.589,,,6.568,6.554,6.537,,6.49,,
2/29/2000,,6.546,6.534,6.523,6.484,,6.483,,6.499,6.495,,,6.49,,6.485,6.478,,6.463,,6.462,6.46,6.458,,6.44,6.437,6.437,6.425,,,6.407,6.412,6.406,,6.386,,,,,6.376,6.367,,6.359,,6.339,,6.339,6.333,6.336,,6.33,6.317,,,6.302,6.289,6.278,,6.245,,,6.136
3/31/2000,,6.247,6.24,6.231,6.208,,6.208,,6.225,6.222,,,6.221,,6.217,6.209,,6.195,,6.196,6.194,6.192,,6.179,6.175,6.174,6.162,,,6.149,6.153,6.149,,6.133,,,,,6.119,6.112,,6.103,,6.085,,6.079,6.076,6.071,,6.062,6.05,,,6.032,6.018,6.003,,5.973,,,5.838
4/28/2000,,6.366,6.358,6.348,6.319,,6.324,,6.338,6.335,,,6.332,,6.328,6.322,,6.309,,6.31,6.308,6.306,,6.293,6.29,6.29,6.277,,,6.265,6.269,6.262,,6.25,,,,,6.246,6.234,,6.226,,6.216,,6.212,6.212,6.209,,6.204,6.197,,,6.184,6.166,6.148,,6.105,,,5.964
5/31/2000,6.461,6.452,6.444,6.411,,6.421,,6.433,6.431,,,6.427,,6.425,6.421,,6.409,,6.408,6.406,6.404,,6.389,6.384,6.385,6.378,,,6.359,6.365,6.361,,6.34,,,,,6.337,6.33,,6.321,,6.308,,6.303,6.298,6.294,,6.287,6.277,,,6.249,6.229,6.201,,6.155,,,6.017,
6/30/2000,6.267,6.256,6.254,6.238,,6.244,,6.252,6.252,,,6.257,,6.257,6.257,,6.252,,6.252,6.252,6.251,,6.242,6.242,6.24,6.235,,,6.219,6.224,6.213,,6.2,,,,,6.196,6.187,,6.181,,6.168,,6.168,6.162,6.16,,6.154,6.143,,,6.12,6.104,6.083,,6.045,,,5.892,
7/31/2000,6.163,6.152,6.148,6.127,,6.133,,6.142,6.143,,,6.142,,6.14,6.139,,6.131,,6.127,6.129,6.127,,6.12,6.12,6.117,6.112,,,6.099,6.102,6.098,,6.083,,,,,6.079,6.074,,6.064,,6.047,,6.047,6.041,6.037,,6.029,6.021,,,5.99,5.972,5.957,,5.914,,,5.789,
8/31/2000,5.972,5.966,5.958,,5.963,,5.969,5.97,,,5.968,,5.968,5.968,,5.964,,5.962,5.962,5.961,,5.951,5.954,5.95,5.943,,,5.932,5.934,5.93,,5.916,,,,,5.912,5.902,,5.898,,5.885,,5.886,5.882,5.88,,5.875,5.866,,,5.837,5.82,5.808,,5.779,,,5.67,,
9/29/2000,6.116,6.112,6.112,,6.12,,6.124,6.126,,,6.13,,6.129,6.13,,6.128,,6.126,6.127,6.125,,6.12,6.119,6.119,6.114,,,6.106,6.109,6.104,,6.091,,,,,6.088,6.083,,6.08,,6.069,,6.067,6.065,6.062,,6.057,6.051,,,6.025,6.011,5.992,,5.964,,,5.879,,
10/31/2000,5.997,6.002,6,,6.008,,6.011,6.014,,,6.015,,6.016,6.018,,6.015,,6.017,6.016,6.016,,6.011,6.013,6.012,6.011,,,6.005,6.007,6.001,,5.999,,,,,5.995,5.995,,5.991,,5.984,,5.981,5.977,5.976,,5.969,5.961,,,5.933,5.918,5.899,,5.869,,,5.788,,
11/30/2000,5.729,5.733,,5.738,,5.743,5.747,,,5.75,,5.752,5.756,,5.758,,5.76,5.761,5.762,,5.766,5.767,5.768,5.765,,,5.766,5.763,5.76,,5.766,,,,,5.759,5.756,,5.755,,5.75,,5.747,5.742,5.739,,5.733,5.727,,,5.703,5.692,5.676,,5.649,,,5.586,,,
12/29/2000,5.516,5.527,,5.535,,5.54,5.543,,,5.552,,5.558,5.567,,5.575,,5.579,5.584,5.587,,5.595,5.597,5.599,5.6,,,5.604,5.605,5.61,,5.612,,,,,5.607,5.609,,5.608,,5.606,,5.608,5.603,5.6,,5.592,5.587,,,5.569,5.558,5.545,,5.514,,,5.461,,,
1/31/2001,5.533,5.555,,5.565,,5.564,5.574,,,5.583,,5.593,5.602,,5.612,,5.616,5.615,5.618,,5.629,5.628,5.632,5.633,,,5.638,5.636,5.638,,5.641,,,,,5.637,5.64,,5.643,,5.643,,5.642,5.639,5.636,,5.633,5.631,,,5.616,5.605,5.596,,5.566,,,5.528,,,
2/28/2001,5.409,,5.424,,5.429,5.436,,,5.446,,5.456,5.467,,5.481,,5.486,5.487,5.492,,5.504,5.504,5.508,5.508,,,5.521,5.519,5.527,,5.531,,,,,5.524,5.528,,5.532,,5.533,,5.532,5.531,5.529,,5.526,5.524,,,5.522,5.519,5.514,,5.495,,,5.453,,,5.336,
3/30/2001,5.488,,5.508,,5.514,5.521,,,5.539,,5.551,5.56,,5.577,,5.579,5.581,5.587,,5.6,5.603,5.604,5.609,,,5.619,5.621,5.621,,5.628,,,,,5.625,5.631,,5.637,,5.635,,5.632,5.631,5.628,,5.627,5.626,,,5.62,5.618,5.612,,5.592,,,5.56,,,5.458,
4/30/2001,5.805,,5.825,,5.826,5.835,,,5.846,,5.858,5.873,,5.888,,5.891,5.89,5.896,,5.914,5.914,5.917,5.919,,,5.927,5.928,5.925,,5.927,,,,,5.923,5.915,,5.918,,5.917,,5.917,5.917,5.914,,5.915,5.917,,,5.912,5.911,5.901,,5.89,,,5.85,,,5.771,
5/31/2001,,5.869,,5.867,5.876,,,5.886,,5.899,5.913,,5.928,,5.933,5.931,5.936,,5.951,5.951,5.957,5.955,,,5.964,5.961,5.964,,5.959,,,,,5.953,5.956,,5.959,,5.951,,5.954,5.949,5.942,,5.939,5.935,,,5.924,5.92,5.904,,5.892,,,5.855,,,5.778,,
6/29/2001,,5.848,,5.843,5.85,,,5.863,,5.874,5.882,,5.899,,5.901,5.898,5.902,,5.91,5.91,5.912,5.91,,,5.915,5.914,5.914,,5.912,,,,,5.908,5.908,,5.913,,5.908,,5.907,5.905,5.899,,5.897,5.893,,,5.88,5.877,5.869,,5.851,,,5.811,,,5.74,,
7/31/2001,,5.513,,5.514,5.523,,,5.539,,5.553,5.564,,5.581,,5.583,5.581,5.589,,5.605,5.604,5.608,5.61,,,5.618,5.618,5.623,,5.629,,,,,5.619,5.622,,5.632,,5.638,,5.634,5.634,5.63,,5.631,5.624,,,5.62,5.618,5.613,,5.602,,,5.572,,,5.506,,
8/31/2001,5.357,,5.36,5.371,,,5.374,,5.389,5.399,,5.409,,5.422,5.419,5.426,,5.444,5.451,5.456,5.453,,,5.453,5.467,5.481,,5.49,,,,,5.473,5.463,,5.473,,5.48,,5.476,5.473,5.461,,5.469,5.465,,,5.462,5.459,5.462,,5.45,,,5.421,,,5.363,,,
9/28/2001,5.28,,5.288,5.299,,,5.321,,5.348,5.36,,5.385,,5.391,5.388,5.4,,5.425,5.425,5.431,5.434,,,5.455,5.452,5.466,,5.479,,,,,5.475,5.48,,5.492,,5.502,,5.496,5.496,5.494,,5.496,5.489,,,5.496,5.496,5.495,,5.492,,,5.462,,,5.417,,,
10/31/2001,4.902,,4.897,4.905,,,4.931,,4.953,4.963,,4.991,,5,5.002,5.008,,5.03,5.033,5.039,5.041,,,5.066,5.06,5.073,,5.089,,,,,5.083,5.084,,5.102,,5.1,,5.099,5.09,5.094,,5.096,5.088,,,5.082,5.067,5.044,,5.04,,,4.978,,,4.882,,,
11/30/2001,,5.433,5.448,,,5.463,,5.485,5.492,,5.516,,5.522,5.518,5.522,,5.535,5.533,5.538,5.531,,,5.55,5.548,5.563,,5.565,,,,,5.557,5.555,,5.564,,5.574,,5.573,5.569,5.563,,5.555,5.539,,,5.529,5.51,5.493,,5.479,,,5.428,,,5.267,,,,
12/31/2001,,5.666,5.682,,,5.693,,5.711,5.717,,5.733,,5.738,5.73,5.736,,5.758,5.749,5.751,5.74,,,5.767,5.76,5.766,,5.768,,,,,5.769,5.773,,5.779,,5.77,,5.769,5.766,5.762,,5.752,5.743,,,5.736,5.718,5.702,,5.688,,,5.66,,,5.476,,,,
1/31/2002,,5.581,5.598,,,5.613,,5.63,5.641,,5.659,,5.665,5.659,5.666,,5.678,5.676,5.68,5.673,,,5.689,5.685,5.693,,5.695,,,,,5.689,5.689,,5.694,,5.694,,5.691,5.69,5.687,,5.677,5.663,,,5.651,5.642,5.634,,5.622,,,5.598,,,5.434,,,,
2/28/2002,5.496,5.508,,,5.524,,5.545,5.556,,5.575,,5.581,5.576,5.585,,5.6,5.599,5.604,5.599,,,5.62,5.617,5.622,,5.628,,,,,5.624,5.625,,5.63,,5.632,,5.631,5.63,5.629,,5.623,5.615,,,5.603,5.597,5.591,,5.586,,,5.56,,,5.415,,,,,
3/29/2002,5.952,5.963,,,5.983,,5.999,6.008,,6.024,,6.029,6.021,6.024,,6.042,6.039,6.043,6.035,,,6.048,6.046,6.051,,6.05,,,,,6.047,6.048,,6.048,,6.043,,6.042,6.043,6.041,,6.037,6.03,,,6.018,6.008,6,,5.988,,,5.963,,,5.816,,,,,
4/30/2002,5.61,5.621,,,5.642,,5.66,5.671,,5.692,,5.699,5.697,5.699,,5.718,5.717,5.721,5.717,,,5.731,5.728,5.735,,5.74,,,,,5.741,5.744,,5.748,,5.748,,5.749,5.75,5.749,,5.751,5.748,,,5.745,5.741,5.734,,5.731,,,5.713,,,5.595,,,,,
5/31/2002,5.61,,,5.634,,5.655,5.673,,5.696,,5.708,5.706,5.712,,5.739,5.74,5.744,5.737,,,5.764,5.758,5.772,,5.779,,,,,5.774,5.785,,5.788,,5.79,,5.791,5.793,5.792,,5.791,5.792,,,5.787,5.783,5.771,,5.766,,,5.747,,,5.619,,,,,,
6/28/2002,5.455,,,5.484,,5.511,5.532,,5.56,,5.578,5.574,5.583,,5.616,5.613,5.622,5.615,,,5.649,5.642,5.661,,5.671,,,,,5.667,5.67,,5.682,,5.687,,5.687,5.688,5.689,,5.69,5.692,,,5.694,5.689,5.681,,5.672,,,5.653,,,5.52,,,,,,
7/31/2002,5.169,,,5.209,,5.242,5.27,,5.308,,5.326,5.324,5.337,,5.373,5.371,5.385,5.384,,,5.425,5.422,5.438,,5.451,,,,,5.446,5.452,,5.469,,5.482,,5.481,5.481,5.481,,5.485,5.485,,,5.489,5.485,5.478,,5.469,,,5.454,,,5.306,,,,,,
8/30/2002,,,4.847,,4.88,4.903,,4.942,,4.961,4.962,4.973,,5.006,5.008,5.017,5.023,,,5.063,5.057,5.076,,5.097,,,,,5.084,5.089,,5.11,,5.119,,5.112,5.116,5.118,,5.12,5.117,,,5.122,5.112,5.1,,5.092,,,5.085,,,4.932,,,,,,,
9/30/2002,,,4.467,,4.508,4.535,,4.583,,4.606,4.613,4.627,,4.671,4.676,4.686,4.697,,,4.737,4.736,4.759,,4.783,,,,,4.778,4.779,,4.802,,4.813,,4.808,4.815,4.818,,4.821,4.819,,,4.828,4.824,4.819,,4.815,,,4.802,,,4.664,,,,,,,
10/31/2002,,,4.769,,4.814,4.836,,4.889,,4.911,4.91,4.928,,4.979,4.982,4.99,4.999,,,5.04,5.037,5.057,,5.084,,,,,5.083,5.082,,5.11,,5.127,,5.126,5.135,5.137,,5.146,5.143,,,5.156,5.161,5.158,,5.155,,,5.145,,,5.005,,,,,,,
11/29/2002,,4.945,,4.985,5.006,,5.056,,5.072,5.07,5.084,,5.129,5.129,5.138,5.147,,,5.183,5.176,5.193,,5.22,,,,,5.212,5.207,,5.232,,5.232,,5.233,5.237,5.234,,5.235,5.23,,,5.227,5.231,5.225,,5.221,,,5.209,,,5.047,,,,,,,,
12/31/2002,,4.57,,4.614,4.638,,4.689,,4.71,4.712,4.731,,4.781,4.782,4.792,4.804,,,4.85,4.846,4.867,,4.895,,,,,4.889,4.894,,4.924,,4.936,,4.94,4.944,4.945,,4.952,4.945,,,4.947,4.949,4.946,,4.947,,,4.936,,,4.791,,,,,,,,
1/31/2003,,4.647,,4.689,4.712,,4.763,,4.78,4.782,4.799,,4.851,4.851,4.861,4.871,,,4.917,4.91,4.931,,4.965,,,,,4.95,4.96,,4.989,,4.997,,5.001,5.004,5.005,,5.011,5.004,,,4.995,4.991,4.984,,4.987,,,4.976,,,4.84,,,,,,,,
2/28/2003,4.361,,4.409,4.441,,4.5,,4.517,4.521,4.54,,4.593,4.596,4.608,4.62,,,4.674,4.666,4.695,,4.726,,,,,4.714,4.728,,4.758,,4.77,,4.776,4.779,4.787,,4.792,4.791,,,4.8,4.8,4.798,,4.8,,,4.796,,,4.673,,,,,,,,,
3/31/2003,4.509,,4.557,4.588,,4.646,,4.669,4.676,4.694,,4.749,4.756,4.768,4.783,,,4.826,4.828,4.847,,4.879,,,,,4.881,4.882,,4.914,,4.931,,4.937,4.941,4.942,,4.951,4.947,,,4.958,4.959,4.954,,4.955,,,4.947,,,4.838,,,,,,,,,
4/30/2003,4.463,,4.507,4.536,,4.592,,4.611,4.618,4.637,,4.682,4.689,4.701,4.716,,,4.763,4.762,4.784,,4.817,,,,,4.81,4.814,,4.844,,4.865,,4.868,4.873,4.874,,4.885,4.881,,,4.894,4.896,4.888,,4.889,,,4.877,,,4.778,,,,,,,,,
5/30/2003,,4.007,4.033,,4.096,,4.116,4.133,4.151,,4.204,4.218,4.232,4.247,,,4.307,4.303,4.332,,4.362,,,,,4.357,4.369,,4.399,,4.418,,4.424,4.432,4.436,,4.448,4.448,,,4.465,4.461,4.46,,4.454,,,4.444,,,4.362,,,,,,,,,,
6/30/2003,,4.171,4.201,,4.269,,4.285,4.297,4.321,,4.367,4.379,4.394,4.407,,,4.468,4.464,4.494,,4.53,,,,,4.527,4.537,,4.571,,4.599,,4.6,4.606,4.611,,4.622,4.624,,,4.648,4.648,4.65,,4.647,,,4.642,,,4.564,,,,,,,,,,
7/31/2003,,5.148,5.174,,5.232,,5.235,5.245,5.266,,5.315,5.32,5.337,5.344,,,5.4,5.393,5.406,,5.437,,,,,5.428,5.436,,5.461,,5.476,,5.473,5.478,5.478,,5.49,5.495,,,5.511,5.508,5.508,,5.503,,,5.489,,,5.408,,,,,,,,,,
8/29/2003,5.036,5.076,,5.134,,5.142,5.15,5.164,,5.212,5.212,5.227,5.228,,,5.281,5.274,5.298,,5.332,,,,,5.32,5.322,,5.35,,5.359,,5.351,5.359,5.353,,5.359,5.365,,,5.362,5.363,5.355,,5.344,,,5.325,,,5.215,,,,,,,,,,,
9/30/2003,4.569,4.599,,4.655,,4.673,4.683,4.698,,4.75,4.754,4.772,4.782,,,4.842,4.84,4.867,,4.905,,,,,4.895,4.911,,4.942,,4.957,,4.956,4.967,4.968,,4.98,4.986,,,4.994,4.996,4.992,,4.986,,,4.976,,,4.886,,,,,,,,,,,
10/31/2003,4.889,4.916,,4.969,,4.989,4.999,5.011,,5.066,5.066,5.082,5.092,,,5.148,5.145,5.165,,5.199,,,,,5.188,5.197,,5.228,,5.243,,5.237,5.246,5.243,,5.252,5.255,,,5.264,5.263,5.258,,5.251,,,5.244,,,5.145,,,,,,,,,,,
11/28/2003,4.915,,4.966,,4.992,4.995,5.008,,5.058,5.057,5.071,5.086,,,5.138,5.13,5.156,,5.19,,,,,5.186,5.195,,5.22,,5.231,,5.224,5.235,5.235,,5.244,5.249,,,5.252,5.249,5.238,,5.229,,,5.222,,,5.125,,,,,,,,,,,,
12/31/2003,4.832,,4.884,,4.909,4.911,4.926,,4.979,4.979,4.993,5.005,,,5.057,5.055,5.079,,5.109,,,,,5.108,5.122,,5.15,,5.168,,5.165,5.176,5.173,,5.184,5.187,,,5.199,5.196,5.187,,5.179,,,5.174,,,5.082,,,,,,,,,,,,
1/30/2004,4.704,,4.756,,4.784,4.788,4.804,,4.856,4.856,4.871,4.883,,,4.94,4.936,4.96,,4.993,,,,,4.99,4.998,,5.026,,5.049,,5.041,5.053,5.05,,5.061,5.065,,,5.077,5.075,5.066,,5.06,,,5.053,,,4.965,,,,,,,,,,,,
2/27/2004,,4.594,,4.619,4.625,4.639,,4.694,4.695,4.712,4.723,,,4.782,4.777,4.803,,4.84,,,,,4.837,4.847,,4.877,,4.899,,4.894,4.906,4.91,,4.92,4.924,,,4.943,4.943,4.938,,4.935,,,4.932,,,4.854,,,,,,,,,,,,,
3/31/2004,,4.472,,4.504,4.512,4.529,,4.585,4.591,4.607,4.624,,,4.684,4.682,4.707,,4.747,,,,,4.747,4.759,,4.788,,4.814,,4.809,4.819,4.824,,4.836,4.842,,,4.862,4.861,4.853,,4.848,,,4.843,,,4.778,,,,,,,,,,,,,
4/30/2004,,5.098,,5.124,5.128,5.14,,5.186,5.189,5.201,5.214,,,5.27,5.265,5.288,,5.32,,,,,5.312,5.316,,5.344,,5.36,,5.356,5.362,5.362,,5.37,5.373,,,5.379,5.378,5.371,,5.366,,,5.363,,,5.282,,,,,,,,,,,,,
5/31/2004,5.201,,5.225,5.23,5.241,,5.283,5.283,5.292,5.301,,,5.352,5.348,5.368,,5.4,,,,,5.391,5.395,,5.415,,5.435,,5.431,5.437,5.433,,5.44,5.441,,,5.442,5.442,5.435,,5.431,,,5.424,,,5.343,,,,,,,,,,,,,,
6/30/2004,5.152,,5.175,5.177,5.193,,5.234,5.234,5.242,5.25,,,5.301,5.296,5.315,,5.345,,,,,5.338,5.344,,5.366,,5.388,,5.385,5.39,5.391,,5.396,5.399,,,5.402,5.402,5.396,,5.396,,,5.388,,,5.315,,,,,,,,,,,,,,
7/30/2004,5.021,,5.045,5.049,5.066,,5.112,5.114,5.123,5.132,,,5.184,5.181,5.202,,5.233,,,,,5.227,5.232,,5.256,,5.281,,5.276,5.282,5.28,,5.287,5.289,,,5.297,5.296,5.29,,5.287,,,5.283,,,5.204,,,,,,,,,,,,,,
8/31/2004,,4.713,4.721,4.737,,4.792,4.794,4.804,4.816,,,4.873,4.872,4.895,,4.928,,,,,4.925,4.932,,4.958,,4.984,,4.98,4.989,4.991,,5.001,5.003,,,5.015,5.016,5.011,,5.01,,,5.004,,,4.936,,,,,,,,,,,,,,,
9/30/2004,,4.674,4.682,4.698,,4.745,4.749,4.762,4.772,,,4.828,4.824,4.848,,4.879,,,,,4.875,4.881,,4.904,,4.93,,4.93,4.933,4.939,,4.946,4.949,,,4.96,4.961,4.957,,4.959,,,4.953,,,4.89,,,,,,,,,,,,,,,
10/29/2004,,4.57,4.58,4.595,,4.644,4.649,4.663,4.673,,,4.726,4.723,4.746,,4.777,,,,,4.776,4.782,,4.805,,4.83,,4.828,4.836,4.84,,4.847,4.849,,,4.861,4.863,4.859,,4.859,,,4.855,,,4.792,,,,,,,,,,,,,,,
11/30/2004,4.842,4.848,4.862,,4.906,4.911,4.926,4.934,,,4.974,4.969,4.995,,5.021,,,,,5.02,5.017,,5.037,,5.062,,5.064,5.065,5.07,,5.078,5.075,,,5.084,5.086,5.08,,5.082,,,5.079,,,5.008,,,,,,,,,,,,,,,,
12/31/2004,4.671,4.678,4.692,,4.733,4.737,4.75,4.758,,,4.8,4.798,4.819,,4.843,,,,,4.84,4.845,,4.865,,4.885,,4.883,4.888,4.893,,4.897,4.897,,,4.908,4.907,4.902,,4.901,,,4.895,,,4.825,,,,,,,,,,,,,,,,
1/31/2005,4.497,4.494,4.512,,4.547,4.551,4.561,4.567,,,4.599,4.6,4.617,,4.633,,,,,4.631,4.633,,4.648,,4.661,,4.659,4.6,4.664,,4.667,4.665,,,4.668,4.667,4.661,,4.66,,,4.655,,,4.589,,,,,,,,,,,,,,,,
2/28/2005,4.672,4.686,,4.714,4.715,4.723,4.729,,,4.755,4.754,4.771,,4.783,,,,,4.778,4.777,,4.788,,4.796,,4.792,4.793,4.793,,4.794,4.792,,,4.788,4.788,4.781,,4.781,,,4.773,,,4.706,,,,,,,,,,,,,,,,,
3/31/2005,4.791,4.798,,4.822,4.827,4.83,4.833,,,4.853,4.857,4.865,,4.877,,,,,4.872,4.872,,4.881,,4.89,,4.887,4.887,4.878,,4.878,4.877,,,4.871,4.873,4.868,,4.865,,,4.848,,,4.762,,,,,,,,,,,,,,,,,
4/29/2005,4.5,4.507,,4.533,4.541,4.546,4.551,,,4.572,4.576,4.587,,4.599,,,,,4.599,4.599,,4.608,,4.615,,4.612,4.612,4.614,,4.614,4.613,,,4.607,4.61,4.605,,4.604,,,4.588,,,4.516,,,,,,,,,,,,,,,,,
5/31/2005,4.291,,4.313,4.319,4.325,4.332,,,4.355,4.361,4.371,,4.384,,,,,4.387,4.387,,4.397,,4.406,,4.405,4.405,4.406,,4.406,4.405,,,4.405,4.407,4.404,,4.404,,,4.394,,,4.345,,,,,,,,,,,,,,,,,,
6/30/2005,4.205,,4.216,4.223,4.23,4.236,,,4.258,4.262,4.265,,4.28,,,,,4.28,4.278,,4.285,,4.29,,4.288,4.287,4.286,,4.283,4.282,,,4.278,4.278,4.274,,4.271,,,4.261,,,4.216,,,,,,,,,,,,,,,,,,
7/29/2005,4.504,,4.515,4.519,4.525,4.53,,,4.545,4.544,4.55,,4.563,,,,,4.557,4.554,,4.558,,4.556,,4.553,4.552,4.549,,4.545,4.544,,,4.535,4.535,4.53,,4.526,,,4.512,,,4.471,,,,,,,,,,,,,,,,,,
8/31/2005,,4.265,4.27,4.28,4.285,,,4.302,4.302,4.31,,4.322,,,,,4.318,4.32,,4.323,,4.322,,4.321,4.321,4.32,,4.319,4.318,,,4.313,4.313,4.311,,4.306,,,4.296,,,4.259,,,,,,,,,,,,,,,,,,,
9/30/2005,,4.58,4.585,4.592,4.596,,,4.611,4.61,4.612,,4.624,,,,,4.623,4.626,,4.629,,4.626,,4.626,4.625,4.621,,4.62,4.619,,,4.614,4.612,4.611,,4.608,,,4.596,,,4.565,,,,,,,,,,,,,,,,,,,
10/31/2005,,4.804,4.808,4.814,4.815,,,4.827,4.824,4.827,,4.836,,,,,4.833,4.833,,4.835,,4.831,,4.832,4.831,4.826,,4.824,4.822,,,4.814,4.81,4.81,,4.806,,,4.795,,,4.753,,,,,,,,,,,,,,,,,,,
11/30/2005,4.786,4.787,4.795,4.796,,,4.807,4.804,4.806,,4.81,,,,,4.808,4.809,,4.812,,4.809,,4.811,4.809,4.807,,4.805,4.803,,,4.797,4.793,4.793,,4.787,,,4.775,,,4.702,,,,,,,,,,,,,,,,,,,,
12/30/2005,4.602,4.603,4.613,4.613,,,4.62,4.618,4.621,,4.625,,,,,4.622,4.623,,4.623,,4.618,,4.62,4.617,4.614,,4.612,4.609,,,4.603,4.599,4.6,,4.597,,,4.586,,,4.543,,,,,,,,,,,,,,,,,,,,
1/31/2006,4.727,4.727,4.731,4.731,,,4.738,4.74,4.743,,4.745,,,,,4.742,4.741,,4.743,,4.739,,4.743,4.739,4.739,,4.738,4.737,,,4.732,4.725,4.728,,4.726,,,4.717,,,4.683,,,,,,,,,,,,,,,,,,,,
2/28/2006,4.708,4.708,4.706,,,4.708,4.709,4.708,,4.701,,,,,4.7,4.694,,4.69,,4.682,,4.686,4.683,4.68,,4.679,4.674,,,4.662,4.66,4.66,,4.656,,,4.638,,,4.601,,,,,,,,,,,,,,,,,,,,4.499,
3/31/2006,5.069,5.071,5.07,,,5.074,5.078,5.079,,5.079,,,,,5.077,5.076,,5.073,,5.068,,5.075,5.07,5.065,,5.068,5.064,,,5.053,5.05,5.051,,5.05,,,5.035,,,5.003,,,,,,,,,,,,,,,,,,,,4.896,
4/28/2006,5.288,5.292,5.297,,,5.302,5.301,5.309,,5.312,,,,,5.312,5.313,,5.311,,5.311,,5.317,5.314,5.312,,5.315,5.311,,,5.305,5.302,5.305,,5.301,,,5.287,,,5.265,,,,,,,,,,,,,,,,,,,,5.169,
5/31/2006,5.345,5.347,,,5.357,5.357,5.361,,5.359,,,,,5.356,5.357,,5.354,,5.349,,5.351,5.347,5.344,,5.345,5.337,,,5.329,5.327,5.327,,5.323,,,5.31,,,5.289,,,,,,,,,,,,,,,,,,,,5.206,,
6/30/2006,5.316,5.318,,,5.323,5.322,5.327,,5.324,,,,,5.317,5.32,,5.314,,5.31,,5.31,5.306,5.303,,5.303,5.298,,,5.287,5.283,5.279,,5.278,,,5.265,,,5.246,,,,,,,,,,,,,,,,,,,,5.185,,
7/31/2006,5.167,5.167,,,5.174,5.176,5.182,,5.182,,,,,5.176,5.177,,5.173,,5.17,,5.172,5.17,5.167,,5.168,5.162,,,5.156,5.151,5.15,,5.15,,,5.139,,,5.126,,,,,,,,,,,,,,,,,,,,5.069,,
8/31/2006,4.941,,,4.948,4.95,4.958,,4.96,,,,,4.958,4.958,,4.955,,4.955,,4.956,4.953,4.949,,4.947,4.944,,,4.939,4.933,4.931,,4.934,,,4.924,,,4.923,,,,,,,,,,,,,,,,,,,,4.879,,,
9/29/2006,4.823,,,4.83,4.83,4.839,,4.84,,,,,4.837,4.841,,4.84,,4.84,,4.841,4.837,4.834,,4.833,4.829,,,4.825,4.82,4.822,,4.82,,,4.805,,,4.809,,,,,,,,,,,,,,,,,,,,4.762,,,
10/31/2006,4.794,,,4.803,4.802,4.812,,4.814,,,,,4.812,4.817,,4.815,,4.815,,4.813,4.808,4.807,,4.805,4.798,,,4.795,4.788,4.79,,4.788,,,4.773,,,4.774,,,,,,,,,,,,,,,,,,,,4.719,,,
11/30/2006,,,4.654,4.652,4.663,,4.664,,,,,4.664,4.67,,4.669,,4.67,,4.669,4.662,4.661,,4.658,4.651,,,4.65,4.641,4.643,,4.639,,,4.622,,,4.621,,,,,,,,,,,,,,,,,,,,4.559,,,,
12/29/2006,,,4.903,4.901,4.909,,4.91,,,,,4.903,4.909,,4.909,,4.908,,4.906,4.9,4.897,,4.894,4.885,,,4.885,4.876,4.878,,4.876,,,4.862,,,4.862,,,,,,,,,,,,,,,,,,,,4.81,,,,
1/31/2007,,,5.019,5.017,5.022,,5.023,,,,,5.017,5.021,,5.02,,5.019,,5.018,5.013,5.013,,5.01,5.002,,,4.999,4.994,4.993,,4.99,,,4.977,,,4.974,,,,,,,,,,,,,,,,,,,,4.921,,,,
2/28/2007,,4.762,4.76,4.771,,4.774,,,,,4.771,4.777,,4.776,,4.776,,4.776,4.773,4.773,,4.77,4.76,,,4.763,4.758,4.756,,4.753,,,4.739,,,4.735,,,,,,,,,,,,,,,,,,,,4.687,,,,4.666,
3/30/2007,,4.906,4.905,4.908,,4.913,,,,,4.913,4.92,,4.922,,4.924,,4.924,4.92,4.922,,4.922,4.915,,,4.917,4.912,4.912,,4.906,,,4.898,,,4.893,,,,,,,,,,,,,,,,,,,,4.862,,,,4.842,
4/30/2007,,4.863,4.856,4.872,,4.877,,,,,4.877,4.884,,4.887,,4.888,,4.889,4.886,4.891,,4.888,4.882,,,4.885,4.879,4.879,,4.877,,,4.865,,,4.863,,,,,,,,,,,,,,,,,,,,4.832,,,,4.815,
5/31/2007,5.096,5.088,5.101,,5.102,,,,,5.097,5.1,,5.101,,5.099,,5.099,5.094,5.099,,5.096,5.087,,,5.086,5.079,5.077,,5.074,,,5.059,,,5.056,,,,,,,,,,,,,,,,,,,,5.019,,,,5.007,,
6/29/2007,5.216,5.212,5.224,,5.223,,,,,5.216,5.223,,5.221,,5.217,,5.216,5.208,5.211,,5.206,5.196,,,5.195,5.186,5.188,,5.185,,,5.17,,,5.167,,,,,,,,,,,,,,,,,,,,5.127,,,,5.123,,
7/31/2007,5.005,5.002,5.017,,5.023,,,,,5.013,5.019,,5.017,,5.016,,5.015,5.008,5.009,,5.005,4.997,,,4.994,4.986,4.985,,4.981,,,4.964,,,4.964,,,,,,,,,,,,,,,,,,,,4.92,,,,4.917,,
8/31/2007,4.842,4.855,,4.869,,,,,4.869,4.876,,4.883,,4.879,,4.882,4.875,4.877,,4.876,4.869,,,4.868,4.862,4.868,,4.865,,,4.856,,,4.855,,,,,,,,,,,,,,,,,,,,4.837,,,,4.835,4.832,,
9/28/2007,4.861,4.873,,4.889,,,,,4.884,4.891,,4.897,,4.895,,4.896,4.889,4.892,,4.891,4.883,,,4.884,4.877,4.88,,4.873,,,4.86,,,4.863,,,,,,,,,,,,,,,,,,,,4.837,,,,4.834,4.831,,
10/31/2007,4.762,4.775,,4.79,,,,,4.787,4.796,,4.802,,4.802,,4.804,4.798,4.802,,4.801,4.796,,,4.795,4.789,4.794,,4.787,,,4.776,,,4.778,,,,,,,,,,,,,,,,,,,,4.759,,,,4.756,4.751,,
11/30/2007,4.376,,4.399,,,,,4.403,4.423,,4.439,,4.443,,4.447,4.443,4.444,,4.445,4.441,,,4.438,4.432,4.437,,4.43,,,4.416,,,4.42,,,,,,,,,,,,,,,,,,,,4.407,,,,4.402,4.399,,,
12/31/2007,4.463,,4.48,,,,,4.482,4.495,,4.507,,4.507,,4.511,4.508,4.51,,4.512,4.507,,,4.506,4.505,4.51,,4.498,,,4.483,,,4.49,,,,,,,,,,,,,,,,,,,,4.466,,,,4.462,4.459,,,
1/31/2008,4.208,,4.229,,,,,4.249,4.264,,4.295,,4.321,,4.328,4.334,4.346,,4.357,4.357,,,4.37,4.372,4.378,,4.363,,,4.351,,,4.37,,,,,,,,,,,,,,,,,,,,4.368,,,,4.359,4.356,,,
2/29/2008,,4.213,,,,,4.232,4.246,,4.287,,4.323,,4.324,4.332,4.339,,4.359,4.366,,,4.385,4.391,4.393,,4.387,,,4.38,,,4.399,,,,,,,,,,,,,,,,,,,,4.418,,,,4.415,4.409,,,4.417,
3/31/2008,,4.211,,,,,4.229,4.242,,4.277,,4.313,,4.3,4.3,4.302,,4.309,4.311,,,4.337,4.347,4.331,,4.325,,,4.302,,,4.306,,,,,,,,,,,,,,,,,,,,4.307,,,,4.304,4.296,,,4.313,
4/30/2008,,4.395,,,,,4.411,4.432,,4.467,,4.5,,4.487,4.491,4.502,,4.504,4.505,,,4.527,4.527,4.53,,4.515,,,4.495,,,4.499,,,,,,,,,,,,,,,,,,,,4.496,,,,4.495,4.488,,,4.5,
5/30/2008,4.625,,,,,4.638,4.651,,4.682,,4.717,,4.71,4.711,4.717,,4.72,4.717,,,4.737,4.735,4.74,,4.723,,,4.7,,,4.711,,,,,,,,,,,,,,,,,,,,4.696,,,,4.695,4.686,,,4.7,,
6/30/2008,4.511,,,,,4.5,4.511,,4.548,,4.576,,4.576,4.584,4.587,,4.594,4.589,,,4.608,4.606,4.61,,4.591,,,4.569,,,4.58,,,,,,,,,,,,,,,,,,,,4.546,,,,4.543,4.53,,,4.533,,
7/31/2008,4.542,,,,,4.53,4.54,,4.581,,4.619,,4.618,4.624,4.63,,4.639,4.637,,,4.667,4.665,4.674,,4.66,,,4.646,,,4.659,,,,,,,,,,,,,,,,,,,,4.623,,,,4.617,4.603,,,4.603,,
8/29/2008,,,,,4.332,4.343,,4.391,,4.423,,4.424,4.428,4.431,,4.442,4.444,,,4.469,4.466,4.475,,4.462,,,4.451,,,4.458,,,,,,,,,,,,,,,,,,,,4.425,,,,4.421,4.413,,,4.406,4.41,,
9/30/2008,,,,,4.354,4.366,,4.419,,4.453,,4.445,4.44,4.435,,4.442,4.437,,,4.446,4.445,4.447,,4.427,,,4.42,,,4.415,,,,,,,,,,,,,,,,,,,,4.34,,,,4.326,4.319,,,4.304,4.306,,
10/31/2008,,,,,4.707,4.713,,4.759,,4.812,,4.807,4.802,4.78,,4.791,4.793,,,4.803,4.78,4.777,,4.738,,,4.723,,,4.721,,,,,,,,,,,,,,,,,,,,4.411,,,,4.398,4.394,,,4.366,4.37,,
11/28/2008,,,,3.517,3.528,,3.613,,3.709,,3.701,3.715,3.716,,3.75,3.753,,,3.764,3.766,3.766,,3.763,,,3.754,,,3.756,,,,,,,,,,,,,,,,,,,,3.585,,,,3.546,3.541,,,3.509,3.49,,,
12/31/2008,,,,2.772,2.798,,2.91,,3.027,,3.018,3.053,3.057,,3.09,3.082,,,3.104,3.087,3.074,,3.053,,,3.032,,,3.032,,,,,,,,,,,,,,,,,,,,2.771,,,,2.734,2.719,,,2.687,2.693,,,
1/30/2009,,,,3.59,3.606,,3.682,,3.774,,3.767,3.797,3.811,,3.863,3.873,,,3.898,3.911,3.924,,3.908,,,3.901,,,3.922,,,,,,,,,,,,,,,,,,,,3.716,,,,3.677,3.671,,,3.629,3.601,,,
2/27/2009,,,3.768,3.781,,3.849,,3.931,,3.931,3.954,3.958,,3.983,3.983,,,3.999,3.998,3.997,,3.985,,,3.98,,,3.999,,,,,,,,,,,,,,,,,,,,3.854,,,,3.834,3.817,,,3.784,3.731,,,3.723,
3/31/2009,,,3.323,3.329,,3.403,,3.494,,3.488,3.519,3.531,,3.561,3.583,,,3.61,3.611,3.609,,3.61,,,3.613,,,3.634,,,,,,,,,,,,,,,,,,,,3.609,,,,3.617,3.612,,,3.614,3.572,,,3.565,
4/30/2009,,,3.88,3.867,,3.919,,3.99,,3.996,4.027,4.037,,4.071,4.077,,,4.1,4.099,4.105,,4.104,,,4.103,,,4.132,,,,,,,,,,,,,,,,,,,,4.082,,,,4.076,4.067,,,4.069,4.05,,,4.044,
5/29/2009,,4.195,4.198,,4.229,,4.285,,4.266,4.285,4.288,,4.314,4.326,,,4.341,4.334,4.336,,4.329,,,4.331,,,4.352,,,,,,,,,,,,,,,,,,,,4.345,,,,4.349,4.345,,,4.34,4.333,,,4.328,4.336,
6/30/2009,,4.166,4.171,,4.203,,4.254,,4.254,4.264,4.271,,4.282,4.288,,,4.302,4.301,4.301,,4.296,,,4.299,,,4.319,,,,,,,,,,,,,,,,,,,,4.308,,,,4.305,4.3,,,4.314,4.303,,,4.314,4.311,
7/31/2009,,4.149,4.147,,4.175,,4.222,,4.227,4.232,4.242,,4.256,4.269,,,4.286,4.288,4.296,,4.29,,,4.284,,,4.306,,,,,,,,,,,,,,,,,,,,4.297,,,,4.298,4.295,,,4.31,4.305,,,4.314,4.309,
8/31/2009,4.023,4.021,,4.045,,4.09,,4.092,4.102,4.106,,4.114,4.122,,,4.143,4.146,4.155,,4.142,,,4.148,,,4.171,,,,,,,,,,,,,,,,,,,,4.171,,,,4.177,4.174,,,4.184,4.181,,,4.191,4.182,4.182,
9/30/2009,3.9,3.912,,3.931,,3.977,,3.981,3.993,4,,4.005,4.011,,,4.028,4.031,4.041,,4.03,,,4.028,,,4.047,,,,,,,,,,,,,,,,,,,,4.038,,,,4.045,4.038,,,4.052,4.046,,,4.05,4.047,4.046,
10/30/2009,4.02,4.045,,4.056,,4.103,,4.106,4.124,4.133,,4.147,4.155,,,4.182,4.187,4.195,,4.181,,,4.182,,,4.206,,,,,,,,,,,,,,,,,,,,4.214,,,,4.22,4.215,,,4.227,4.226,,,4.236,4.233,4.232,
11/30/2009,3.818,,3.838,,3.885,,3.892,3.922,3.943,,3.969,3.987,,,4.026,4.037,4.059,,4.049,,,4.066,,,4.11,,,,,,,,,,,,,,,,,,,,4.17,,,,4.183,4.172,,,4.2,4.196,,,4.208,4.204,4.2,4.195,
12/31/2009,4.412,,4.459,,4.5,,4.497,4.515,4.525,,4.536,4.545,,,4.579,4.582,4.588,,4.564,,,4.564,,,4.59,,,,,,,,,,,,,,,,,,,,4.595,,,,4.603,4.594,,,4.624,4.628,,,4.638,4.633,4.637,4.64,
1/29/2010,4.167,,4.212,,4.258,,4.253,4.276,4.284,,4.309,4.322,,,4.364,4.369,4.377,,4.36,,,4.368,,,4.403,,,,,,,,,,,,,,,,,,,,4.448,,,,4.457,4.447,,,4.481,4.482,,,4.507,4.509,4.508,4.511,
2/26/2010,,4.21,,4.256,,4.254,4.27,4.281,,4.305,4.32,,,4.36,4.37,4.379,,4.361,,,4.371,,,4.405,,,,,,,,,,,,,,,,,,,,4.461,,,,4.467,4.46,,,4.498,4.495,,,4.53,4.527,4.527,4.529,4.529,
3/31/2010,,4.373,,4.416,,4.415,4.434,4.443,,4.469,4.488,,,4.529,4.539,4.548,,4.533,,,4.54,,,4.578,,,,,,,,,,,,,,,,,,,,4.654,,,,4.659,4.654,,,4.691,4.69,,,4.715,4.716,4.715,4.717,4.715,
4/30/2010,,4.173,,4.212,,4.209,4.23,4.239,,4.263,4.283,,,4.324,4.334,4.347,,4.334,,,4.339,,,4.375,,,,,,,,,,,,,,,,,,,,4.465,,,,4.47,4.464,,,4.502,4.5,,,4.528,4.53,4.529,4.528,4.528,
5/31/2010,3.873,,3.901,,3.889,3.914,3.918,,3.953,3.973,,,4.013,4.023,4.041,,4.023,,,4.029,,,4.065,,,,,,,,,,,,,,,,,,,,4.164,,,,4.17,4.161,,,4.209,4.205,,,4.228,4.225,4.223,4.225,4.221,4.216,
6/30/2010,3.542,,3.574,,3.563,3.586,3.597,,3.632,3.649,,,3.697,3.711,3.724,,3.712,,,3.722,,,3.758,,,,,,,,,,,,,,,,,,,,3.851,,,,3.854,3.847,,,3.892,3.89,,,3.915,3.915,3.913,3.916,3.912,3.91,
7/30/2010,3.478,,3.514,,3.506,3.527,3.54,,3.583,3.607,,,3.667,3.685,3.703,,3.693,,,3.716,,,3.763,,,,,,,,,,,,,,,,,,,,3.898,,,,3.902,3.892,,,3.95,3.951,,,3.98,3.979,3.978,3.98,3.977,3.977,
8/31/2010,,3.004,,2.993,3.014,3.027,,3.073,3.099,,,3.158,3.175,3.19,,3.183,,,3.213,,,3.271,,,,,,,,,,,,,,,,,,,,3.432,,,,3.432,3.42,,,3.485,3.482,,,3.534,3.529,3.526,3.534,3.531,3.536,3.534,
9/30/2010,,3.11,,3.1,3.124,3.139,,3.187,3.211,,,3.283,3.303,3.318,,3.313,,,3.344,,,3.406,,,,,,,,,,,,,,,,,,,,3.593,,,,3.594,3.581,,,3.635,3.633,,,3.684,3.682,3.68,3.688,3.682,3.688,3.687,
10/29/2010,,3.315,,3.319,3.349,3.363,,3.412,3.444,,,3.528,3.549,3.567,,3.564,,,3.602,,,3.672,,,,,,,,,,,,,,,,,,,,3.906,,,,3.912,3.903,,,3.951,3.95,,,4,3.992,3.987,3.995,3.987,3.997,3.998,
11/30/2010,3.506,,3.515,3.541,3.556,,3.597,3.628,,,3.691,3.709,3.723,,3.717,,,3.742,,,3.8,,,,,,,,,,,,,,,,,,,,3.991,,,,3.999,3.99,,,4.047,4.047,,,4.112,4.092,4.085,4.094,4.083,4.097,4.105,4.103,
12/31/2010,3.916,,3.925,3.957,3.962,,3.996,4.019,,,4.072,4.088,4.096,,4.079,,,4.098,,,4.137,,,,,,,,,,,,,,,,,,,,4.27,,,,4.273,4.266,,,4.308,4.307,,,4.356,4.339,4.332,4.339,4.332,4.344,4.349,4.346,
1/31/2011,4.058,,4.068,4.096,4.108,,4.147,4.173,,,4.233,4.255,4.261,,4.248,,,4.272,,,4.322,,,,,,,,,,,,,,,,,,,,4.487,,,,4.493,4.485,,,4.527,4.527,,,4.577,4.561,4.556,4.564,4.557,4.568,4.576,4.572,
2/28/2011,,3.998,4.029,4.038,,4.077,4.103,,,4.167,4.185,4.193,,4.181,,,4.208,,,4.259,,,,,,,,,,,,,,,,,,,,4.412,,,,4.419,4.412,,,4.459,4.459,,,4.508,4.488,4.483,4.492,4.485,4.498,4.505,4.501,4.49,
3/31/2011,,4.047,4.075,4.085,,4.122,4.149,,,4.207,4.229,4.233,,4.22,,,4.246,,,4.291,,,,,,,,,,,,,,,,,,,,4.433,,,,4.443,4.436,,,4.48,4.481,,,4.526,4.508,4.502,4.51,4.502,4.514,4.526,4.519,4.509,
4/29/2011,,3.906,3.934,3.944,,3.983,4.009,,,4.068,4.09,4.098,,4.089,,,4.113,,,4.164,,,,,,,,,,,,,,,,,,,,4.334,,,,4.345,4.338,,,4.379,4.38,,,4.425,4.407,4.402,4.41,4.402,4.413,4.424,4.419,4.407,
5/31/2011,3.65,3.672,3.683,,3.722,3.748,,,3.805,3.832,3.844,,3.833,,,3.86,,,3.916,,,,,,,,,,,,,,,,,,,,4.115,,,,4.128,4.12,,,4.163,4.165,,,4.214,4.2,4.194,4.204,4.196,4.213,4.226,4.222,4.205,4.217,
6/30/2011,3.816,3.841,3.853,,3.894,3.922,,,3.98,4.008,4.022,,4.009,,,4.036,,,4.091,,,,,,,,,,,,,,,,,,,,4.277,,,,4.295,4.286,,,4.332,4.33,,,4.384,4.366,4.359,4.37,4.361,4.377,4.389,4.386,4.368,4.383,
7/29/2011,3.459,3.482,3.497,,3.543,3.573,,,3.642,3.673,3.688,,3.676,,,3.71,,,3.771,,,,,,,,,,,,,,,,,,,,4.009,,,,4.029,4.019,,,4.076,4.074,,,4.121,4.111,4.103,4.113,4.108,4.124,4.137,4.134,4.117,4.133,
8/31/2011,2.868,2.88,,2.92,2.953,,,3.029,3.061,3.079,,3.069,,,3.108,,,3.167,,,,,,,,,,,,,,,,,,,,3.432,,,,3.463,3.451,,,3.504,3.503,,,3.574,3.548,3.545,3.555,3.551,3.566,3.586,3.578,3.559,3.572,3.595,
9/30/2011,2.467,2.475,,2.508,2.531,,,2.583,2.608,2.617,,2.612,,,2.632,,,2.668,,,,,,,,,,,,,,,,,,,,2.82,,,,2.841,2.834,,,2.869,2.868,,,2.906,2.887,2.882,2.885,2.879,2.89,2.906,2.897,2.887,2.898,2.919,
10/31/2011,2.712,2.723,,2.753,2.778,,,2.831,2.858,2.866,,2.861,,,2.881,,,2.92,,,,,,,,,,,,,,,,,,,,3.09,,,,3.106,3.102,,,3.133,3.132,,,3.185,3.165,3.16,3.165,3.16,3.172,3.193,3.183,3.171,3.183,3.202,
11/30/2011,2.571,,2.595,2.617,,,2.668,2.689,2.701,,2.695,,,2.716,,,2.753,,,,,,,,,,,,,,,,,,,,2.923,,,,2.939,2.932,,,2.962,2.96,,,3.016,2.995,2.993,3,2.998,3.012,3.032,3.023,3.011,3.023,3.04,3.062,
12/30/2011,2.366,,2.398,2.42,,,2.466,2.488,2.497,,2.493,,,2.514,,,2.551,,,,,,,,,,,,,,,,,,,,2.743,,,,2.764,2.76,,,2.789,2.789,,,2.838,2.818,2.814,2.823,2.821,2.835,2.855,2.846,2.833,2.846,2.865,2.885,
1/31/2012,2.339,,2.374,2.397,,,2.452,2.475,2.487,,2.486,,,2.512,,,2.549,,,,,,,,,,,,,,,,,,,,2.761,,,,2.782,2.78,,,2.809,2.808,,,2.864,2.843,2.841,2.85,2.849,2.864,2.887,2.878,2.866,2.883,2.904,2.934,
2/29/2012,,2.533,2.556,,,2.612,2.635,2.645,,2.643,,,2.666,,,2.705,,,,,,,,,,,,,,,,,,,,2.914,,,,2.932,2.93,,,2.963,2.961,,,3.02,2.994,2.992,3.001,2.997,3.011,3.034,3.025,3.013,3.029,3.053,3.081,3.086,
3/30/2012,,2.811,2.836,,,2.894,2.912,2.918,,2.913,,,2.933,,,2.976,,,,,,,,,,,,,,,,,,,,3.179,,,,3.198,3.196,,,3.23,3.228,,,3.285,3.259,3.254,3.265,3.261,3.275,3.298,3.289,3.275,3.292,3.318,3.345,3.346,
4/30/2012,,2.494,2.517,,,2.576,2.597,2.607,,2.602,,,2.627,,,2.675,,,,,,,,,,,,,,,,,,,,2.915,,,,2.935,2.933,,,2.971,2.97,,,3.028,3.005,3.002,3.013,3.009,3.027,3.052,3.043,3.03,3.048,3.077,3.107,3.11,
5/31/2012,2.045,2.064,,,2.115,2.138,2.148,,2.148,,,2.173,,,2.222,,,,,,,,,,,,,,,,,,,,2.46,,,,2.481,2.479,,,2.522,2.521,,,2.576,2.554,2.551,2.563,2.56,2.578,2.604,2.596,2.584,2.603,2.633,2.664,2.668,2.671,
6/29/2012,2.168,2.192,,,2.239,2.261,2.27,,2.268,,,2.289,,,2.336,,,,,,,,,,,,,,,,,,,,2.559,,,,2.583,2.581,,,2.619,2.618,,,2.677,2.655,2.653,2.664,2.661,2.677,2.701,2.692,2.68,2.698,2.725,2.754,2.76,2.767,
7/31/2012,1.994,2.016,,,2.067,2.088,2.099,,2.099,,,2.12,,,2.165,,,,,,,,,,,,,,,,,,,,2.365,,,,2.386,2.385,,,2.427,2.426,,,2.479,2.459,2.457,2.468,2.466,2.481,2.504,2.497,2.486,2.504,2.532,2.563,2.569,2.577,
8/31/2012,2.069,,,2.126,2.148,2.16,,2.161,,,2.186,,,2.232,,,,,,,,,,,,,,,,,,,,2.447,,,,2.468,2.468,,,2.51,2.509,,,2.564,2.541,2.539,2.552,2.549,2.564,2.589,2.58,2.569,2.589,2.619,2.651,2.659,2.667,2.684,
9/28/2012,2.183,,,2.25,2.275,2.287,,2.284,,,2.313,,,2.363,,,,,,,,,,,,,,,,,,,,2.585,,,,2.61,2.608,,,2.65,2.65,,,2.707,2.684,2.681,2.691,2.688,2.704,2.73,2.721,2.709,2.728,2.759,2.793,2.802,2.812,2.83,
10/31/2012,2.204,,,2.269,2.295,2.308,,2.303,,,2.333,,,2.381,,,,,,,,,,,,,,,,,,,,2.597,,,,2.623,2.622,,,2.668,2.669,,,2.727,2.702,2.7,2.712,2.708,2.724,2.749,2.741,2.729,2.749,2.78,2.815,2.822,2.834,2.851,
11/30/2012,,,2.167,2.19,2.203,,2.199,,,2.23,,,2.286,,,,,,,,,,,,,,,,,,,,2.531,,,,2.556,2.557,,,2.6,2.602,,,2.661,2.637,2.635,2.646,2.643,2.66,2.686,2.679,2.667,2.688,2.719,2.753,2.759,2.771,2.79,2.796,
12/31/2012,,,2.328,2.352,2.362,,2.358,,,2.387,,,2.44,,,,,,,,,,,,,,,,,,,,2.66,,,,2.686,2.688,,,2.73,2.732,,,2.797,2.773,2.77,2.781,2.778,2.794,2.82,2.813,2.799,2.82,2.852,2.888,2.895,2.907,2.926,2.935,
1/31/2013,,,2.582,2.608,2.622,,2.617,,,2.645,,,2.7,,,,,,,,,,,,,,,,,,,,2.907,,,,2.932,2.933,,,2.975,2.976,,,3.035,3.01,3.004,3.018,3.013,3.03,3.057,3.05,3.036,3.058,3.09,3.126,3.133,3.145,3.164,3.17,
2/28/2013,,2.488,2.514,2.531,,2.53,,,2.565,,,2.625,,,,,,,,,,,,,,,,,,,,2.853,,,,2.876,2.877,,,2.921,2.921,,,2.978,2.951,2.946,2.959,2.953,2.971,2.997,2.988,2.974,2.996,3.029,3.066,3.072,3.085,3.104,3.109,3.094,
3/29/2013,,2.464,2.495,2.512,,2.513,,,2.553,,,2.62,,,,,,,,,,,,,,,,,,,,2.88,,,,2.904,2.904,,,2.947,2.949,,,3.01,2.981,2.976,2.99,2.984,3.003,3.03,3.02,3.006,3.026,3.058,3.094,3.099,3.111,3.129,3.132,3.117,
4/30/2013,,2.246,2.272,2.289,,2.288,,,2.33,,,2.396,,,,,,,,,,,,,,,,,,,,2.643,,,,2.669,2.669,,,2.714,2.714,,,2.775,2.749,2.743,2.756,2.75,2.768,2.795,2.785,2.771,2.792,2.824,2.86,2.866,2.878,2.897,2.901,2.886,
5/31/2013,2.716,2.745,2.762,,2.759,,,2.796,,,2.856,,,,,,,,,,,,,,,,,,,,3.061,,,,3.091,3.091,,,3.132,3.133,,,3.193,3.163,3.157,3.172,3.165,3.182,3.21,3.2,3.185,3.204,3.236,3.273,3.277,3.287,3.304,3.308,3.292,3.303,
6/28/2013,3.007,3.032,3.049,,3.041,,,3.07,,,3.129,,,,,,,,,,,,,,,,,,,,3.297,,,,3.316,3.316,,,3.351,3.351,,,3.407,3.38,3.372,3.384,3.378,3.393,3.418,3.408,3.392,3.412,3.442,3.476,3.482,3.493,3.507,3.509,3.491,3.5,
7/31/2013,3.139,3.165,3.183,,3.174,,,3.208,,,3.271,,,,,,,,,,,,,,,,,,,,3.438,,,,3.457,3.457,,,3.493,3.493,,,3.547,3.519,3.513,3.525,3.52,3.535,3.558,3.549,3.534,3.553,3.583,3.615,3.62,3.631,3.648,3.651,3.633,3.645,
8/30/2013,3.246,3.264,,3.257,,,3.286,,,3.346,,,,,,,,,,,,,,,,,,,,3.503,,,,3.524,3.524,,,3.559,3.558,,,3.611,3.582,3.575,3.589,3.584,3.598,3.622,3.612,3.595,3.615,3.644,3.676,3.681,3.692,3.709,3.711,3.696,3.707,3.678,
9/30/2013,3.158,3.181,,3.178,,,3.216,,,3.284,,,,,,,,,,,,,,,,,,,,3.495,,,,3.52,3.523,,,3.56,3.559,,,3.616,3.587,3.579,3.591,3.586,3.604,3.629,3.619,3.604,3.624,3.655,3.689,3.695,3.704,3.721,3.724,3.708,3.721,3.689,
10/31/2013,3.083,3.106,,3.104,,,3.141,,,3.208,,,,,,,,,,,,,,,,,,,,3.421,,,,3.446,3.448,,,3.487,3.487,,,3.545,3.517,3.509,3.521,3.518,3.534,3.561,3.551,3.536,3.556,3.59,3.626,3.632,3.642,3.661,3.666,3.652,3.666,3.632,
11/29/2013,3.307,,3.308,,,3.343,,,3.407,,,,,,,,,,,,,,,,,,,,3.601,,,,3.624,3.625,,,3.662,3.662,,,3.721,3.693,3.685,3.698,3.693,3.708,3.734,3.724,3.709,3.729,3.763,3.8,3.807,3.818,3.838,3.844,3.829,3.847,3.814,3.811,
12/31/2013,3.505,,3.504,,,3.533,,,3.599,,,,,,,,,,,,,,,,,,,,3.745,,,,3.769,3.77,,,3.811,3.81,,,3.864,3.838,3.832,3.843,3.837,3.85,3.873,3.864,3.85,3.869,3.899,3.934,3.94,3.951,3.97,3.976,3.962,3.975,3.946,3.943,
1/31/2014,3.157,,3.159,,,3.192,,,3.255,,,,,,,,,,,,,,,,,,,,3.429,,,,3.448,3.449,,,3.49,3.489,,,3.539,3.517,3.511,3.521,3.516,3.528,3.55,3.54,3.526,3.545,3.573,3.607,3.612,3.621,3.639,3.646,3.634,3.649,3.624,3.621,
2/28/2014,,3.116,,,3.151,,,3.213,,,,,,,,,,,,,,,,,,,,3.388,,,,3.41,3.412,,,3.452,3.453,,,3.505,3.482,3.474,3.485,3.479,3.492,3.516,3.506,3.491,3.511,3.541,3.574,3.58,3.59,3.608,3.615,3.602,3.616,3.589,3.587,3.595,
3/31/2014,,3.127,,,3.159,,,3.216,,,,,,,,,,,,,,,,,,,,3.371,,,,3.39,3.394,,,3.433,3.432,,,3.48,3.459,3.453,3.462,3.456,3.468,3.491,3.481,3.465,3.481,3.51,3.542,3.548,3.557,3.574,3.581,3.569,3.582,3.558,3.556,3.562,
4/30/2014,,3.034,,,3.068,,,3.124,,,,,,,,,,,,,,,,,,,,3.26,,,,3.284,3.289,,,3.327,3.326,,,3.372,3.353,3.348,3.354,3.349,3.362,3.379,3.372,3.357,3.372,3.4,3.426,3.431,3.441,3.458,3.465,3.457,3.471,3.451,3.451,3.457,
5/30/2014,2.835,,,2.875,,,2.932,,,,,,,,,,,,,,,,,,,,3.094,,,,3.12,3.127,,,3.166,3.166,,,3.211,3.194,3.191,3.197,3.191,3.203,3.22,3.214,3.199,3.213,3.24,3.271,3.279,3.288,3.307,3.313,3.302,3.318,3.296,3.297,3.303,3.314,
6/30/2014,2.879,,,2.916,,,2.975,,,,,,,,,,,,,,,,,,,,3.125,,,,3.151,3.158,,,3.198,3.198,,,3.242,3.225,3.222,3.228,3.221,3.232,3.249,3.242,3.227,3.241,3.267,3.296,3.304,3.314,3.331,3.337,3.328,3.342,3.321,3.321,3.329,3.339,
7/31/2014,2.893,,,2.926,,,2.977,,,,,,,,,,,,,,,,,,,,3.108,,,,3.134,3.141,,,3.181,3.181,,,3.222,3.206,3.202,3.208,3.201,3.211,3.228,3.221,3.207,3.221,3.246,3.273,3.282,3.292,3.308,3.315,3.305,3.317,3.298,3.296,3.304,3.313,
8/29/2014,,,2.682,,,2.73,,,,,,,,,,,,,,,,,,,,2.866,,,,2.896,2.898,,,2.95,2.951,,,2.993,2.975,2.973,2.98,2.972,2.979,2.998,2.991,2.972,2.989,3.015,3.044,3.053,3.062,3.08,3.086,3.077,3.088,3.068,3.067,3.073,3.079,3.085,
9/30/2014,,,2.834,,,2.88,,,,,,,,,,,,,,,,,,,,3.005,,,,3.032,3.036,,,3.084,3.083,,,3.124,3.104,3.102,3.106,3.1,3.107,3.127,3.119,3.102,3.116,3.139,3.169,3.178,3.188,3.206,3.212,3.203,3.214,3.194,3.192,3.199,3.205,3.209,
10/31/2014,,,2.653,,,2.696,,,,,,,,,,,,,,,,,,,,2.819,,,,2.856,2.853,,,2.92,2.92,,,2.968,2.95,2.95,2.953,2.948,2.954,2.974,2.965,2.948,2.965,2.987,3.022,3.033,3.043,3.061,3.067,3.059,3.07,3.048,3.046,3.052,3.059,3.059,
11/28/2014,,2.484,,,2.523,,,,,,,,,,,,,,,,,,,,2.647,,,,2.685,2.68,,,2.761,2.761,,,2.816,2.8,2.799,2.806,2.803,2.801,2.827,2.816,2.789,2.803,2.826,2.866,2.88,2.891,2.912,2.917,2.91,2.919,2.898,2.898,2.903,2.912,2.915,2.909,
12/31/2014,,2.383,,,2.404,,,,,,,,,,,,,,,,,,,,2.456,,,,2.498,2.493,,,2.587,2.589,,,2.655,2.647,2.647,2.655,2.656,2.657,2.675,2.664,2.633,2.645,2.664,2.704,2.721,2.73,2.749,2.752,2.744,2.755,2.731,2.73,2.737,2.745,2.747,2.749,
1/30/2015,,1.994,,,2.013,,,,,,,,,,,,,,,,,,,,2.016,,,,2.073,2.063,,,2.155,2.162,,,2.208,2.2,2.198,2.199,2.199,2.2,2.204,2.196,2.171,2.178,2.189,2.22,2.232,2.243,2.259,2.263,2.257,2.263,2.239,2.239,2.249,2.253,2.255,2.257,
2/27/2015,2.27,,,2.297,,,,,,,,,,,,,,,,,,,,2.377,,,,2.436,2.426,,,2.504,2.511,,,2.526,2.522,2.523,2.529,2.53,2.534,2.542,2.533,2.513,2.521,2.535,2.559,2.574,2.586,2.597,2.602,2.594,2.601,2.578,2.576,2.586,2.592,2.595,2.594,2.6,
3/31/2015,2.193,,,2.225,,,,,,,,,,,,,,,,,,,,2.302,,,,2.351,2.352,,,2.426,2.439,,,2.472,2.472,2.472,2.477,2.478,2.483,2.492,2.489,2.467,2.476,2.486,2.513,2.524,2.534,2.546,2.548,2.54,2.546,2.525,2.522,2.53,2.536,2.539,2.539,2.543,
4/30/2015,2.338,,,2.369,,,,,,,,,,,,,,,,,,,,2.497,,,,2.551,2.545,,,2.621,2.636,,,2.682,2.677,2.675,2.683,2.683,2.69,2.697,2.691,2.673,2.68,2.692,2.717,2.729,2.74,2.751,2.754,2.745,2.754,2.728,2.725,2.733,2.741,2.746,2.746,2.751,
5/29/2015,,,2.452,,,,,,,,,,,,,,,,,,,,2.613,,,,2.665,2.659,,,2.731,2.743,,,2.793,2.784,2.78,2.79,2.785,2.796,2.808,2.803,2.788,2.794,2.808,2.829,2.839,2.855,2.873,2.877,2.864,2.872,2.841,2.838,2.847,2.856,2.859,2.86,2.867,2.847,
6/30/2015,,,2.656,,,,,,,,,,,,,,,,,,,,2.842,,,,2.9,2.89,,,2.972,2.981,,,3.034,3.027,3.023,3.034,3.032,3.044,3.061,3.056,3.043,3.051,3.064,3.088,3.095,3.112,3.127,3.131,3.119,3.129,3.091,3.088,3.1,3.111,3.118,3.116,3.122,3.104,
7/31/2015,,,2.453,,,,,,,,,,,,,,,,,,,,2.631,,,,2.686,2.681,,,2.758,2.768,,,2.825,2.82,2.82,2.829,2.83,2.844,2.861,2.856,2.844,2.851,2.866,2.888,2.898,2.916,2.934,2.938,2.926,2.938,2.898,2.894,2.909,2.924,2.932,2.934,2.946,2.927,
8/31/2015,,2.505,,,,,,,,,,,,,,,,,,,,2.646,,,,2.686,2.677,,,2.762,2.767,,,2.835,2.831,2.834,2.843,2.846,2.858,2.871,2.866,2.852,2.858,2.871,2.897,2.909,2.928,2.947,2.954,2.941,2.952,2.909,2.903,2.921,2.938,2.948,2.954,2.963,2.943,2.933,
9/30/2015,,2.351,,,,,,,,,,,,,,,,,,,,2.534,,,,2.572,2.563,,,2.667,2.673,,,2.75,2.742,2.749,2.758,2.759,2.775,2.8,2.795,2.782,2.786,2.801,2.826,2.839,2.859,2.881,2.888,2.872,2.89,2.835,2.83,2.85,2.872,2.885,2.891,2.903,2.882,2.878,
10/30/2015,,2.432,,,,,,,,,,,,,,,,,,,,2.591,,,,2.628,2.621,,,2.701,2.707,,,2.78,2.781,2.78,2.794,2.796,2.814,2.839,2.835,2.822,2.826,2.841,2.862,2.869,2.891,2.918,2.929,2.91,2.931,2.874,2.868,2.888,2.915,2.932,2.942,2.957,2.94,2.935,
11/30/2015,2.494,,,,,,,,,,,,,,,,,,,,2.651,,,,2.69,2.681,,,2.763,2.765,,,2.851,2.845,2.844,2.861,2.863,2.88,2.898,2.895,2.885,2.894,2.907,2.928,2.934,2.954,2.981,2.991,2.975,2.995,2.937,2.932,2.951,2.975,2.992,3.001,3.016,3.004,2.999,2.991,
12/31/2015,2.526,,,,,,,,,,,,,,,,,,,,2.678,,,,2.714,2.705,,,2.78,2.784,,,2.868,2.861,2.861,2.874,2.876,2.889,2.907,2.906,2.892,2.904,2.918,2.938,2.942,2.963,2.989,3,2.987,3.006,2.95,2.944,2.964,2.987,3.006,3.016,3.03,3.021,3.02,3.013,
1/29/2016,2.191,,,,,,,,,,,,,,,,,,,,2.364,,,,2.415,2.404,,,2.485,2.489,,,2.57,2.569,2.572,2.587,2.588,2.606,2.627,2.628,2.618,2.631,2.646,2.666,2.672,2.692,2.716,2.728,2.713,2.734,2.675,2.669,2.692,2.72,2.74,2.751,2.769,2.759,2.763,2.756,
2/29/2016,,,,,,,,,,,,,,,,,,,,2.17,,,,2.231,2.221,,,2.3,2.308,,,2.394,2.395,2.399,2.418,2.42,2.439,2.46,2.461,2.448,2.464,2.48,2.499,2.507,2.528,2.561,2.571,2.551,2.578,2.511,2.503,2.531,2.56,2.585,2.602,2.627,2.611,2.617,2.61,2.616,
3/31/2016,,,,,,,,,,,,,,,,,,,,2.181,,,,2.245,2.235,,,2.315,2.324,,,2.412,2.413,2.419,2.439,2.442,2.463,2.48,2.482,2.475,2.49,2.503,2.523,2.53,2.546,2.578,2.587,2.566,2.595,2.53,2.524,2.549,2.573,2.591,2.605,2.622,2.61,2.618,2.61,2.62,
4/29/2016,,,,,,,,,,,,,,,,,,,,2.232,,,,2.297,2.286,,,2.364,2.374,,,2.455,2.456,2.458,2.477,2.479,2.499,2.518,2.519,2.512,2.528,2.547,2.568,2.574,2.59,2.611,2.623,2.606,2.631,2.575,2.568,2.592,2.617,2.633,2.644,2.666,2.65,2.657,2.653,2.663,
5/31/2016,,,,,,,,,,,,,,,,,,,2.189,,,,2.254,2.242,,,2.319,2.327,,,2.41,2.413,2.413,2.438,2.44,2.457,2.477,2.479,2.473,2.489,2.511,2.53,2.536,2.554,2.572,2.583,2.568,2.593,2.538,2.532,2.557,2.583,2.604,2.614,2.635,2.62,2.628,2.626,2.636,2.63,
6/30/2016,,,,,,,,,,,,,,,,,,,1.83,,,,1.896,1.888,,,1.962,1.967,,,2.057,2.071,2.076,2.097,2.103,2.12,2.143,2.144,2.138,2.156,2.181,2.202,2.205,2.221,2.244,2.256,2.241,2.265,2.209,2.202,2.228,2.258,2.279,2.289,2.311,2.298,2.305,2.304,2.315,2.311,
7/29/2016,,,,,,,,,,,,,,,,,,,1.744,,,,1.803,1.797,,,1.863,1.869,,,1.951,1.966,1.974,1.99,1.995,2.013,2.03,2.033,2.025,2.043,2.064,2.081,2.082,2.095,2.118,2.129,2.115,2.14,2.09,2.083,2.108,2.134,2.155,2.166,2.188,2.175,2.182,2.18,2.189,2.183,
8/31/2016,,,,,,,,,,,,,,,,,,1.859,,,,1.922,1.918,,,1.968,1.971,,,2.042,2.059,2.064,2.079,2.083,2.098,2.112,2.113,2.106,2.121,2.137,2.155,2.154,2.165,2.179,2.188,2.178,2.194,2.154,2.148,2.17,2.186,2.201,2.211,2.229,2.22,2.226,2.224,2.234,2.228,2.231,
9/30/2016,,,,,,,,,,,,,,,,,,1.959,,,,2.03,2.029,,,2.073,2.078,,,2.148,2.163,2.17,2.187,2.188,2.204,2.22,2.218,2.211,2.226,2.244,2.262,2.263,2.271,2.284,2.292,2.283,2.299,2.258,2.253,2.273,2.291,2.304,2.314,2.334,2.323,2.328,2.327,2.338,2.333,2.333,
10/31/2016,,,,,,,,,,,,,,,,,,2.2,,,,2.267,2.266,,,2.313,2.32,,,2.395,2.41,2.42,2.433,2.439,2.451,2.471,2.469,2.461,2.477,2.496,2.516,2.515,2.525,2.54,2.548,2.536,2.551,2.51,2.505,2.525,2.542,2.555,2.565,2.585,2.572,2.578,2.577,2.59,2.587,2.588,
11/30/2016,,,,,,,,,,,,,,,,,2.669,,,,2.739,2.739,,,2.791,2.799,,,2.871,2.885,2.895,2.907,2.906,2.924,2.945,2.942,2.929,2.946,2.967,2.988,2.989,2.994,3.005,3.01,2.997,3.015,2.973,2.967,2.981,2.998,3.011,3.018,3.039,3.025,3.031,3.029,3.042,3.041,3.038,3.017,
12/30/2016,,,,,,,,,,,,,,,,,2.711,,,,2.783,2.784,,,2.84,2.848,,,2.922,2.936,2.944,2.956,2.956,2.97,2.994,2.988,2.975,2.995,3.017,3.037,3.037,3.045,3.061,3.062,3.05,3.061,3.024,3.017,3.032,3.046,3.058,3.062,3.082,3.07,3.073,3.069,3.079,3.077,3.07,3.05,
1/31/2017,,,,,,,,,,,,,,,,,2.716,,,,2.783,2.787,,,2.833,2.844,,,2.917,2.93,2.936,2.948,2.949,2.964,2.981,2.979,2.969,2.984,3.004,3.023,3.025,3.029,3.044,3.046,3.039,3.047,3.019,3.013,3.027,3.036,3.046,3.053,3.07,3.059,3.064,3.062,3.072,3.071,3.071,3.051,
2/28/2017,,,,,,,,,,,,,,,,2.627,,,,2.698,2.702,,,2.746,2.756,,,2.833,2.843,2.853,2.864,2.867,2.884,2.901,2.899,2.889,2.902,2.927,2.946,2.948,2.953,2.97,2.972,2.965,2.973,2.946,2.941,2.954,2.963,2.97,2.977,2.992,2.981,2.984,2.982,2.991,2.991,2.992,2.973,2.968,
3/31/2017,,,,,,,,,,,,,,,,2.679,,,,2.743,2.753,,,2.797,2.805,,,2.876,2.889,2.895,2.91,2.911,2.928,2.946,2.945,2.936,2.946,2.97,2.988,2.99,2.999,3.012,3.017,3.012,3.02,2.999,2.994,3.002,3.01,3.018,3.023,3.041,3.029,3.033,3.031,3.041,3.042,3.044,3.026,3.017,
4/28/2017,,,,,,,,,,,,,,,,2.59,,,,2.654,2.663,,,2.709,2.718,,,2.789,2.802,2.81,2.824,2.827,2.843,2.862,2.862,2.852,2.866,2.889,2.912,2.915,2.925,2.94,2.944,2.937,2.946,2.925,2.921,2.928,2.935,2.944,2.951,2.971,2.956,2.962,2.96,2.972,2.973,2.976,2.961,2.952,
5/31/2017,,,,,,,,,,,,,,,2.506,,,,2.559,2.565,,,2.616,2.622,,,2.691,2.7,2.707,2.721,2.722,2.739,2.758,2.755,2.743,2.761,2.782,2.801,2.806,2.817,2.829,2.835,2.831,2.842,2.822,2.819,2.824,2.832,2.84,2.847,2.866,2.856,2.863,2.861,2.874,2.874,2.879,2.865,2.86,2.858,
6/30/2017,,,,,,,,,,,,,,,2.53,,,,2.58,2.59,,,2.641,2.65,,,2.7,2.709,2.713,2.726,2.727,2.74,2.756,2.752,2.745,2.754,2.772,2.789,2.791,2.798,2.809,2.813,2.812,2.821,2.806,2.802,2.808,2.814,2.823,2.83,2.848,2.839,2.845,2.843,2.853,2.854,2.856,2.845,2.84,2.838,
7/31/2017,,,,,,,,,,,,,,,2.572,,,,2.62,2.633,,,2.687,2.696,,,2.747,2.752,2.756,2.769,2.77,2.784,2.8,2.797,2.79,2.801,2.82,2.838,2.841,2.849,2.861,2.868,2.864,2.873,2.858,2.854,2.859,2.867,2.877,2.883,2.902,2.892,2.897,2.896,2.908,2.91,2.914,2.903,2.9,2.897,
8/31/2017,,,,,,,,,,,,,,2.374,,,,2.422,2.439,,,2.489,2.498,,,2.551,2.555,2.562,2.574,2.575,2.589,2.606,2.603,2.599,2.611,2.628,2.646,2.651,2.661,2.674,2.681,2.68,2.691,2.677,2.673,2.678,2.684,2.694,2.7,2.72,2.71,2.717,2.716,2.729,2.731,2.735,2.726,2.722,2.721,2.725,
9/29/2017,,,,,,,,,,,,,,2.54,,,,2.586,2.602,,,2.645,2.654,,,2.698,2.707,2.713,2.724,2.725,2.737,2.752,2.75,2.747,2.757,2.775,2.789,2.794,2.802,2.813,2.819,2.817,2.828,2.816,2.812,2.817,2.823,2.83,2.836,2.854,2.842,2.848,2.847,2.86,2.862,2.866,2.856,2.854,2.853,2.857,
10/31/2017,,,,,,,,,,,,,,2.568,,,,2.611,2.625,,,2.667,2.672,,,2.715,2.722,2.729,2.74,2.743,2.754,2.769,2.768,2.764,2.774,2.79,2.806,2.811,2.817,2.829,2.836,2.835,2.844,2.832,2.83,2.834,2.841,2.847,2.854,2.869,2.859,2.866,2.865,2.877,2.879,2.882,2.874,2.872,2.873,2.876,
11/30/2017,,,,,,,,,,,,,2.563,,,,2.602,2.613,,,2.655,2.663,,,2.696,2.702,2.709,2.721,2.724,2.733,2.745,2.748,2.745,2.753,2.767,2.781,2.785,2.791,2.801,2.805,2.803,2.811,2.803,2.801,2.805,2.809,2.815,2.818,2.834,2.824,2.829,2.829,2.838,2.838,2.84,2.834,2.832,2.833,2.834,2.83,
12/29/2017,,,,,,,,,,,,,2.513,,,,2.544,2.557,,,2.591,2.594,,,2.619,2.627,2.632,2.64,2.646,2.651,2.662,2.665,2.667,2.674,2.684,2.695,2.698,2.702,2.71,2.714,2.714,2.719,2.715,2.714,2.717,2.722,2.728,2.732,2.744,2.737,2.741,2.74,2.747,2.747,2.746,2.744,2.741,2.743,2.743,2.742,
1/31/2018,,,,,,,,,,,,,2.782,,,,2.799,2.813,,,2.833,2.834,,,2.855,2.854,2.855,2.862,2.866,2.873,2.881,2.88,2.88,2.883,2.89,2.897,2.898,2.901,2.909,2.912,2.912,2.916,2.915,2.918,2.918,2.921,2.924,2.926,2.935,2.929,2.933,2.931,2.941,2.942,2.942,2.939,2.938,2.941,2.943,2.941,
2/28/2018,,,,,,,,,,,,2.97,,,,2.985,2.994,,,3.012,3.011,,,3.038,3.04,3.043,3.05,3.053,3.058,3.068,3.069,3.07,3.074,3.083,3.091,3.093,3.095,3.104,3.11,3.109,3.114,3.112,3.115,3.116,3.118,3.121,3.123,3.131,3.125,3.129,3.128,3.135,3.135,3.135,3.133,3.131,3.133,3.134,3.131,3.127,
,,,,,,,,,,,,,,,,,,,,,,,,,,,,,,,,,,,,,,,,,,,,,,,,,,,,,,,,,,,,,
