Bucket,15,15.25,15.5,15.75,16,16.25,16.5,16.75,17,17.25,17.5,17.75,18,18.25,18.5,18.75,19,19.25,19.5,19.75,20,20.25,20.5,20.75,21,21.25,21.5,21.75,22,22.25,22.5,22.75,23,23.25,23.5,23.75,24,24.25,24.5,24.75,25,25.25,25.5,25.75,26,26.25,26.5,26.75,27,27.25,27.5,27.75,28,28.25,28.5,28.75,29,29.25,29.5,29.75,30
12/31/1998,,,,10.6,15.7,,16.18,16.42,16.66,16.9,,17.38,,17.87,18.12,,,18.84,,19.33,19.57,,20.06,,20.55,20.79,21.03,,21.52,21.76,22.01,22.25,,,22.98,23.23,23.47,,23.97,,,,,25.18,25.43,,25.92,,26.41,,26.89,27.13,27.38,,27.88,28.13,,,28.88,29.12,
1/29/1999,,,,10.52,15.62,,16.1,16.33,16.58,16.82,,17.31,,17.79,18.04,,,18.76,,19.25,19.5,,19.98,,20.47,20.71,20.96,,21.44,21.68,21.93,22.17,,,22.91,23.15,23.4,,23.89,,,,,25.11,25.35,,25.84,,26.33,,26.82,27.06,27.31,,27.8,28.05,,,28.81,29.08,
2/26/1999,,,10.41,15.5,,15.98,16.22,16.46,16.71,,17.19,,17.67,17.92,,,18.65,,19.14,19.39,,19.87,,20.36,20.6,20.84,,21.33,21.57,21.82,22.06,,,22.79,23.03,23.28,,23.77,,,,,24.99,25.24,,25.73,,26.22,,26.7,26.94,27.19,,27.68,27.92,,,28.67,28.94,29.16,
3/31/1999,,,11.09,15.94,,16.46,16.72,16.98,17.23,,17.75,,18.26,18.52,,,19.27,,19.78,20.03,,20.52,,21.01,21.25,21.49,,21.97,22.2,22.44,22.67,,,23.35,23.58,23.81,,24.24,,,,,25.31,25.52,,25.93,,26.34,,26.75,26.95,27.15,,27.56,27.77,,,28.38,28.59,28.8,
4/30/1999,,,11.02,15.85,,16.36,16.62,16.88,17.13,,17.65,,18.15,18.41,,,19.16,,19.66,19.91,,20.4,,20.89,21.13,21.37,,21.85,22.08,22.32,22.55,,,23.24,23.47,23.69,,24.13,,,,,25.2,25.4,,25.81,,26.21,,26.61,26.8,27,,27.38,27.57,,,28.14,28.32,28.51,
5/31/1999,,10.77,15.59,,16.09,16.35,16.6,16.85,,17.35,,17.85,18.1,,,18.83,,19.33,19.57,,20.05,,20.53,20.76,21,,21.47,21.69,21.92,22.15,,,22.82,23.04,23.26,,23.69,,,,,24.73,24.94,,25.33,,25.73,,26.11,26.3,26.49,,26.87,27.06,,,27.61,27.79,27.98,,
6/30/1999,,10.77,15.56,,16.06,16.32,16.57,16.82,,17.32,,17.81,18.06,,,18.79,,19.28,19.52,,19.99,,20.46,20.69,20.92,,21.38,21.6,21.82,22.05,,,22.7,22.91,23.13,,23.54,,,,,24.55,24.75,,25.13,,25.52,,25.9,26.09,26.28,,26.67,26.86,,,27.45,27.65,27.85,,
7/30/1999,,10.68,15.42,,15.92,16.17,16.43,16.67,,17.17,,17.66,17.91,,,18.64,,19.13,19.37,,19.84,,20.31,20.54,20.77,,21.22,21.44,21.67,21.89,,,22.54,22.76,22.97,,23.38,,,,,24.39,24.58,,24.97,,25.35,,25.73,25.92,26.11,,26.49,26.69,,,27.27,27.47,27.67,,
8/31/1999,10.68,15.33,,15.84,16.09,16.35,16.59,,17.1,,17.59,17.84,,,18.57,,19.06,19.3,,19.77,,20.24,20.47,20.7,,21.15,21.37,21.59,21.81,,,22.46,22.67,22.88,,23.28,,,,,24.26,24.45,,24.82,,25.2,,25.56,25.75,25.93,,26.3,26.49,,,27.05,27.24,27.44,,27.82,
9/30/1999,10.56,15.28,,15.78,16.03,16.28,16.52,,17.02,,17.5,17.75,,,18.47,,18.96,19.19,,19.66,,20.13,20.36,20.59,,21.04,21.26,21.48,21.71,,,22.36,22.57,22.78,,23.2,,,,,24.21,24.41,,24.79,,25.18,,25.56,25.75,25.94,,26.32,26.52,,,27.1,27.3,27.5,,27.9,
10/29/1999,10.48,15.15,,15.65,15.9,16.15,16.4,,16.9,,17.38,17.63,,,18.36,,18.84,19.08,,19.55,,20.02,20.25,20.48,,20.94,21.16,21.38,21.6,,,22.26,22.47,22.68,,23.1,,,,,24.11,24.3,,24.69,,25.07,,25.44,25.63,25.82,,26.19,26.37,,,26.93,27.12,27.31,,27.69,
11/30/1999,15.04,,15.52,15.76,16,16.24,,16.71,,17.18,17.42,,,18.11,,18.58,18.81,,19.26,,19.71,19.93,20.16,,20.6,20.82,21.04,21.25,,,21.9,22.11,22.32,,22.74,,,,,23.76,23.96,,24.35,,24.75,,25.14,25.33,25.52,,25.9,26.09,,,26.66,26.85,27.03,,27.4,,
12/31/1999,14.9,,15.39,15.63,15.88,16.12,,16.61,,17.09,17.33,,,18.04,,18.52,18.75,,19.21,,19.68,19.9,20.13,,20.58,20.8,21.02,21.24,,,21.89,22.1,22.31,,22.72,,,,,23.72,23.92,,24.29,,24.67,,25.03,25.21,25.38,,25.72,25.89,,,26.39,26.55,26.71,,27.02,,
1/31/2000,14.55,,15.02,15.26,15.5,15.73,,16.2,,16.66,16.9,,,17.6,,18.06,18.29,,18.75,,19.21,19.43,19.66,,20.11,20.33,20.55,20.78,,,21.44,21.66,21.87,,22.31,,,,,23.37,23.58,,24,,24.41,,24.82,25.03,25.23,,25.63,25.83,,,26.44,26.63,26.83,,27.23,,
2/29/2000,,14.83,15.07,15.31,15.54,,16,,16.46,16.7,,,17.38,,17.85,18.08,,18.53,,18.98,19.21,19.43,,19.88,20.1,20.32,20.55,,,21.2,21.42,21.64,,22.07,,,,,23.14,23.35,,23.76,,24.18,,24.59,24.79,25,,25.4,25.6,,,26.2,26.4,26.6,,27,,,27.59
3/31/2000,,14.84,15.09,15.33,15.56,,16.04,,16.51,16.75,,,17.46,,17.93,18.16,,18.62,,19.09,19.31,19.54,,20,20.22,20.44,20.67,,,21.33,21.55,21.77,,22.2,,,,,23.25,23.46,,23.87,,24.27,,24.67,24.87,25.07,,25.46,25.65,,,26.23,26.42,26.61,,26.99,,,27.55
4/28/2000,,14.67,14.91,15.15,15.38,,15.86,,16.33,16.57,,,17.27,,17.74,17.98,,18.44,,18.9,19.13,19.36,,19.82,20.05,20.28,20.51,,,21.18,21.41,21.63,,22.07,,,,,23.17,23.39,,23.81,,24.24,,24.66,24.88,25.09,,25.5,25.71,,,26.33,26.53,26.74,,27.14,,,27.75
5/31/2000,14.65,14.89,15.13,15.36,,15.84,,16.31,16.55,,,17.25,,17.72,17.96,,18.42,,18.88,19.11,19.34,,19.8,20.02,20.24,20.47,,,21.14,21.36,21.58,,22.01,,,,,23.09,23.3,,23.71,,24.13,,24.53,24.74,24.94,,25.34,25.54,,,26.12,26.32,26.51,,26.89,,,27.46,
6/30/2000,14.68,14.92,15.17,15.41,,15.9,,16.38,16.62,,,17.34,,17.83,18.07,,18.54,,19.02,19.25,19.48,,19.95,20.18,20.41,20.64,,,21.32,21.54,21.77,,22.21,,,,,23.29,23.5,,23.92,,24.33,,24.74,24.94,25.14,,25.53,25.72,,,26.3,26.49,26.69,,27.06,,,27.62,
7/31/2000,14.56,14.81,15.05,15.29,,15.77,,16.25,16.49,,,17.21,,17.69,17.93,,18.4,,18.88,19.11,19.34,,19.81,20.04,20.27,20.5,,,21.18,21.41,21.63,,22.07,,,,,23.16,23.37,,23.79,,24.2,,24.61,24.81,25.01,,25.4,25.59,,,26.17,26.35,26.54,,26.91,,,27.45,
8/31/2000,14.76,15,15.24,,15.73,,16.21,16.46,,,17.18,,17.66,17.91,,18.38,,18.86,19.09,19.33,,19.81,20.03,20.27,20.5,,,21.19,21.42,21.65,,22.1,,,,,23.2,23.41,,23.84,,24.26,,24.67,24.87,25.07,,25.47,25.66,,,26.24,26.43,26.62,,26.98,,,27.52,,
9/29/2000,14.83,15.08,15.32,,15.81,,16.3,16.54,,,17.27,,17.76,18,,18.48,,18.96,19.19,19.43,,19.9,20.13,20.37,20.6,,,21.29,21.52,21.75,,22.2,,,,,23.3,23.52,,23.95,,24.37,,24.79,25,25.21,,25.61,25.82,,,26.42,26.62,26.81,,27.2,,,27.79,,
10/31/2000,14.73,14.98,15.22,,15.72,,16.21,16.46,,,17.19,,17.69,17.93,,18.42,,18.9,19.14,19.38,,19.86,20.1,20.33,20.57,,,21.27,21.51,21.74,,22.2,,,,,23.32,23.54,,23.98,,24.41,,24.84,25.05,25.26,,25.67,25.88,,,26.49,26.69,26.89,,27.29,,,27.88,,
11/30/2000,15,15.24,,15.75,,16.25,16.5,,,17.25,,17.76,18.01,,18.5,,19,19.24,19.48,,19.98,20.21,20.45,20.7,,,21.41,21.65,21.88,,22.35,,,,,23.49,23.71,,24.15,,24.59,,25.01,25.22,25.44,,25.85,26.06,,,26.66,26.87,27.07,,27.46,,,28.04,,,
12/29/2000,15.04,15.29,,15.8,,16.31,16.57,,,17.33,,17.85,18.1,,18.6,,19.11,19.36,19.61,,20.11,20.36,20.61,20.85,,,21.58,21.83,22.07,,22.55,,,,,23.72,23.95,,24.41,,24.86,,25.3,25.52,25.74,,26.17,26.38,,,27.01,27.22,27.43,,27.84,,,28.45,,,
1/31/2001,15.09,15.34,,15.86,,16.38,16.64,,,17.41,,17.93,18.18,,18.69,,19.2,19.45,19.7,,20.21,20.45,20.7,20.95,,,21.69,21.93,22.18,,22.65,,,,,23.82,24.06,,24.5,,24.96,,25.39,25.61,25.83,,26.25,26.46,,,27.09,27.29,27.5,,27.9,,,28.5,,,
2/28/2001,15.31,,15.83,,16.35,16.61,,,17.38,,17.91,18.17,,18.68,,19.19,19.45,19.7,,20.21,20.46,20.71,20.97,,,21.71,21.96,22.21,,22.69,,,,,23.9,24.13,,24.6,,25.06,,25.51,25.74,25.97,,26.4,26.62,,,27.27,27.49,27.7,,28.12,,,28.75,,,29.37,
3/30/2001,15.34,,15.87,,16.39,16.66,,,17.44,,17.97,18.23,,18.74,,19.26,19.51,19.77,,20.29,20.53,20.79,21.04,,,21.79,22.04,22.29,,22.77,,,,,23.97,24.2,,24.66,,25.12,,25.57,25.79,26.02,,26.45,26.66,,,27.3,27.51,27.73,,28.14,,,28.75,,,29.36,
4/30/2001,15.24,,15.76,,16.28,16.54,,,17.32,,17.84,18.1,,18.61,,19.13,19.38,19.63,,20.14,20.38,20.64,20.89,,,21.62,21.87,22.12,,22.59,,,,,23.77,24,,24.45,,24.91,,25.34,25.56,25.78,,26.2,26.41,,,27.03,27.24,27.44,,27.84,,,28.44,,,29.03,
5/31/2001,,15.67,,16.19,16.45,,,17.23,,17.74,18,,18.51,,19.02,19.27,19.52,,20.03,20.27,20.52,20.77,,,21.49,21.74,21.98,,22.45,,,,,23.6,23.82,,24.26,,24.7,,25.12,25.33,25.54,,25.95,26.15,,,26.74,26.94,27.13,,27.51,,,28.07,,,28.63,,
6/29/2001,,15.54,,16.05,16.31,,,17.07,,17.58,17.84,,18.34,,18.84,19.09,19.34,,19.84,20.08,20.32,20.57,,,21.29,21.53,21.77,,22.24,,,,,23.39,23.62,,24.06,,24.5,,24.93,25.15,25.36,,25.78,25.99,,,26.6,26.8,27,,27.4,,,27.98,,,28.56,,
7/31/2001,,15.56,,16.08,16.34,,,17.13,,17.65,17.91,,18.42,,18.94,19.19,19.45,,19.96,20.21,20.46,20.72,,,21.46,21.71,21.96,,22.44,,,,,23.64,23.87,,24.34,,24.8,,25.24,25.47,25.69,,26.12,26.34,,,26.98,27.19,27.4,,27.81,,,28.43,,,29.04,,
8/31/2001,15.47,,15.98,16.25,,,17.03,,17.55,17.81,,18.33,,18.84,19.1,19.35,,19.86,20.11,20.37,20.62,,,21.37,21.61,21.86,,22.35,,,,,23.55,23.78,,24.24,,24.71,,25.15,25.38,25.6,,26.04,26.26,,,26.9,27.11,27.32,,27.73,,,28.35,,,28.96,,,
9/28/2001,15.7,,16.24,16.51,,,17.32,,17.86,18.14,,18.67,,19.2,19.46,19.73,,20.26,20.52,20.78,21.04,,,21.81,22.07,22.33,,22.83,,,,,24.06,24.31,,24.78,,25.26,,25.72,25.95,26.18,,26.62,26.85,,,27.5,27.72,27.93,,28.35,,,28.98,,,29.6,,,
10/31/2001,15.58,,16.12,16.39,,,17.19,,17.73,17.99,,18.52,,19.05,19.31,19.57,,20.09,20.34,20.6,20.86,,,21.62,21.87,22.12,,22.61,,,,,23.81,24.05,,24.51,,24.97,,25.42,25.64,25.86,,26.28,26.5,,,27.12,27.33,27.53,,27.93,,,28.52,,,29.11,,,
11/30/2001,,16.02,16.29,,,17.07,,17.6,17.87,,18.38,,18.9,19.15,19.4,,19.91,20.16,20.41,20.66,,,21.39,21.63,21.87,,22.34,,,,,23.49,23.72,,24.15,,24.59,,25,25.21,25.42,,25.82,26.02,,,26.6,26.79,26.98,,27.34,,,27.89,,,28.42,,,,
12/31/2001,,15.84,16.1,,,16.88,,17.4,17.65,,18.16,,18.67,18.92,19.17,,19.67,19.91,20.15,20.4,,,21.12,21.36,21.6,,22.07,,,,,23.21,23.44,,23.87,,24.31,,24.73,24.95,25.16,,25.56,25.77,,,26.37,26.56,26.76,,27.14,,,27.71,,,28.27,,,,
1/31/2002,,15.7,15.96,,,16.74,,17.27,17.53,,18.04,,18.55,18.8,19.06,,19.56,19.8,20.05,20.3,,,21.03,21.27,21.51,,21.98,,,,,23.13,23.36,,23.8,,24.23,,24.65,24.86,25.07,,25.47,25.67,,,26.25,26.44,26.63,,27,,,27.54,,,28.08,,,,
2/28/2002,15.66,15.93,,,16.71,,17.24,17.5,,18.02,,18.54,18.79,19.04,,19.55,19.8,20.05,20.3,,,21.04,21.29,21.53,,22.01,,,,,23.19,23.42,,23.87,,24.32,,24.75,24.97,25.18,,25.6,25.81,,,26.42,26.62,26.82,,27.2,,,27.78,,,28.35,,,,,
3/29/2002,15.44,15.7,,,16.48,,17,17.26,,17.76,,18.28,18.52,18.78,,19.28,19.52,19.77,20.02,,,20.75,20.99,21.23,,21.7,,,,,22.85,23.08,,23.52,,23.96,,24.38,24.59,24.8,,25.2,25.41,,,25.99,26.19,26.38,,26.75,,,27.3,,,27.85,,,,,
4/30/2002,15.43,15.69,,,16.47,,17,17.26,,17.77,,18.29,18.54,18.8,,19.31,19.56,19.81,20.06,,,20.81,21.06,21.31,,21.79,,,,,22.99,23.23,,23.7,,24.16,,24.61,24.84,25.07,,25.5,25.72,,,26.37,26.58,26.8,,27.21,,,27.83,,,28.45,,,,,
5/31/2002,15.72,,,16.52,,17.06,17.33,,17.85,,18.38,18.64,18.9,,19.43,19.68,19.94,20.2,,,20.96,21.21,21.47,,21.96,,,,,23.18,23.42,,23.88,,24.35,,24.8,25.03,25.25,,25.69,25.9,,,26.54,26.75,26.96,,27.36,,,27.96,,,28.55,,,,,,
6/28/2002,15.75,,,16.56,,17.11,17.38,,17.92,,18.46,18.72,18.99,,19.52,19.78,20.05,20.31,,,21.09,21.35,21.61,,22.11,,,,,23.35,23.59,,24.07,,24.54,,25,25.23,25.46,,25.9,26.12,,,26.76,26.97,27.18,,27.59,,,28.19,,,28.78,,,,,,
7/31/2002,15.87,,,16.7,,17.27,17.54,,18.1,,18.65,18.92,19.2,,19.75,20.01,20.29,20.56,,,21.36,21.62,21.89,,22.4,,,,,23.67,23.92,,24.4,,24.88,,25.35,25.58,25.81,,26.25,26.47,,,27.11,27.32,27.53,,27.93,,,28.52,,,29.11,,,,,,
8/30/2002,,,16.55,,17.11,17.39,,17.94,,18.49,18.76,19.04,,19.58,19.85,20.12,20.39,,,21.18,21.45,21.71,,22.22,,,,,23.48,23.73,,24.21,,24.69,,25.15,25.38,25.6,,26.04,26.26,,,26.89,27.1,27.3,,27.7,,,28.28,,,28.85,,,,,,,
9/30/2002,,,16.66,,17.24,17.53,,18.09,,18.67,18.95,19.23,,19.8,20.07,20.35,20.63,,,21.45,21.72,22,,22.52,,,,,23.82,24.07,,24.57,,25.05,,25.52,25.76,25.99,,26.43,26.65,,,27.28,27.49,27.69,,28.09,,,28.66,,,29.23,,,,,,,
10/31/2002,,,16.65,,17.23,17.52,,18.09,,18.67,18.95,19.23,,19.8,20.08,20.36,20.64,,,21.47,21.75,22.03,,22.57,,,,,23.89,24.15,,24.66,,25.16,,25.65,25.89,26.13,,26.59,26.83,,,27.49,27.71,27.93,,28.35,,,28.97,,,29.57,,,,,,,
11/29/2002,,16.33,,16.9,17.18,,17.73,,18.3,18.57,18.85,,19.4,19.67,19.94,20.21,,,21.02,21.28,21.55,,22.07,,,,,23.33,23.58,,24.06,,24.53,,24.99,25.22,25.44,,25.87,26.08,,,26.69,26.9,27.09,,27.47,,,28.02,,,28.56,,,,,,,,
12/31/2002,,16.38,,16.95,17.24,,17.8,,18.37,18.64,18.93,,19.49,19.76,20.04,20.32,,,21.15,21.42,21.69,,22.23,,,,,23.54,23.8,,24.3,,24.8,,25.29,25.53,25.77,,26.23,26.46,,,27.13,27.35,27.57,,27.99,,,28.61,,,29.21,,,,,,,,
1/31/2003,,16.17,,16.74,17.03,,17.59,,18.15,18.43,18.71,,19.27,19.54,19.82,20.1,,,20.92,21.19,21.46,,21.99,,,,,23.29,23.55,,24.04,,24.54,,25.01,25.25,25.48,,25.93,26.15,,,26.8,27.01,27.22,,27.61,,,28.2,,,28.77,,,,,,,,
2/28/2003,16.14,,16.72,17.01,,17.58,,18.15,18.44,18.72,,19.3,19.57,19.86,20.14,,,20.98,21.26,21.54,,22.09,,,,,23.43,23.7,,24.21,,24.73,,25.22,25.47,25.71,,26.18,26.42,,,27.09,27.32,27.54,,27.96,,,28.58,,,29.19,,,,,,,,,
3/31/2003,16.09,,16.67,16.96,,17.54,,18.12,18.41,18.7,,19.27,19.55,19.84,20.13,,,20.98,21.26,21.54,,22.09,,,,,23.44,23.7,,24.21,,24.72,,25.21,25.45,25.7,,26.16,26.39,,,27.04,27.26,27.47,,27.88,,,28.47,,,29.04,,,,,,,,,
4/30/2003,15.91,,16.49,16.78,,17.34,,17.92,18.2,18.48,,19.05,19.33,19.61,19.9,,,20.73,21.01,21.29,,21.84,,,,,23.18,23.45,,23.96,,24.47,,24.97,25.21,25.46,,25.93,26.17,,,26.85,27.07,27.29,,27.71,,,28.33,,,28.93,,,,,,,,,
5/30/2003,,16.45,16.74,,17.32,,17.9,18.19,18.48,,19.06,19.34,19.63,19.92,,,20.78,21.06,21.35,,21.9,,,,,23.27,23.54,,24.07,,24.59,,25.1,25.35,25.6,,26.08,26.32,,,27.01,27.23,27.45,,27.88,,,28.51,,,29.11,,,,,,,,,,
6/30/2003,,16.36,16.65,,17.22,,17.81,18.09,18.38,,18.96,19.25,19.54,19.83,,,20.68,20.97,21.26,,21.82,,,,,23.21,23.49,,24.02,,24.56,,25.08,25.33,25.59,,26.09,26.34,,,27.06,27.3,27.53,,27.98,,,28.64,,,29.29,,,,,,,,,,
7/31/2003,,16.26,16.55,,17.11,,17.68,17.96,18.24,,18.81,19.08,19.36,19.64,,,20.47,20.75,21.03,,21.56,,,,,22.89,23.16,,23.67,,24.18,,24.67,24.92,25.16,,25.63,25.87,,,26.55,26.77,26.99,,27.42,,,28.04,,,28.65,,,,,,,,,,
8/29/2003,16.05,16.33,,16.88,,17.45,17.72,18,,18.56,18.83,19.1,19.38,,,20.19,20.47,20.74,,21.26,,,,,22.56,22.82,,23.31,,23.8,,24.28,24.52,24.75,,25.2,25.42,,,26.07,26.28,26.49,,26.89,,,27.46,,,28.03,,,,,,,,,,,
9/30/2003,16.08,16.37,,16.94,,17.51,17.8,18.08,,18.66,18.93,19.22,19.5,,,20.35,20.63,20.91,,21.46,,,,,22.82,23.09,,23.62,,24.14,,24.65,24.9,25.15,,25.64,25.89,,,26.59,26.83,27.05,,27.5,,,28.15,,,28.78,,,,,,,,,,,
10/31/2003,15.91,16.19,,16.75,,17.32,17.6,17.88,,18.45,18.72,19,19.28,,,20.11,20.39,20.66,,21.2,,,,,22.53,22.79,,23.3,,23.81,,24.3,24.55,24.79,,25.26,25.49,,,26.16,26.39,26.6,,27.02,,,27.63,,,28.22,,,,,,,,,,,
11/28/2003,16.04,,16.6,,17.17,17.44,17.73,,18.29,18.56,18.85,19.13,,,19.96,20.23,20.51,,21.05,,,,,22.38,22.64,,23.14,,23.65,,24.14,24.38,24.62,,25.08,25.31,,,25.97,26.19,26.4,,26.81,,,27.4,,,27.97,,,,,,,,,,,,
12/31/2003,15.96,,16.52,,17.09,17.37,17.65,,18.21,18.49,18.77,19.05,,,19.88,20.16,20.43,,20.98,,,,,22.32,22.59,,23.1,,23.62,,24.12,24.38,24.63,,25.11,25.35,,,26.05,26.28,26.51,,26.94,,,27.58,,,28.21,,,,,,,,,,,,
1/30/2004,15.84,,16.4,,16.96,17.24,17.52,,18.09,18.36,18.64,18.92,,,19.75,20.03,20.31,,20.85,,,,,22.2,22.46,,22.98,,23.5,,24,24.25,24.5,,24.98,25.22,,,25.92,26.15,26.37,,26.81,,,27.44,,,28.06,,,,,,,,,,,,
2/27/2004,,16.34,,16.9,17.18,17.46,,18.03,18.3,18.58,18.86,,,19.69,19.97,20.25,,20.8,,,,,22.16,22.43,,22.95,,23.48,,24,24.26,24.51,,25.01,25.27,,,26,26.24,26.48,,26.95,,,27.63,,,28.31,,,,,,,,,,,,,
3/31/2004,,16.3,,16.87,17.15,17.44,,18.02,18.29,18.58,18.87,,,19.71,20,20.28,,20.83,,,,,22.21,22.48,,23.01,,23.54,,24.06,24.31,24.57,,25.06,25.31,,,26.03,26.26,26.49,,26.94,,,27.59,,,28.23,,,,,,,,,,,,,
4/30/2004,,16.03,,16.59,16.86,17.14,,17.7,17.97,18.25,18.52,,,19.34,19.62,19.89,,20.43,,,,,21.75,22.01,,22.52,,23.02,,23.51,23.76,24,,24.47,24.7,,,25.38,25.6,25.82,,26.24,,,26.85,,,27.44,,,,,,,,,,,,,
5/31/2004,15.85,,16.4,16.67,16.94,,17.49,17.75,18.03,18.3,,,19.1,19.37,19.64,,20.16,,,,,21.47,21.72,,22.23,,22.73,,23.22,23.46,23.7,,24.17,24.41,,,25.09,25.32,25.54,,25.97,,,26.6,,,27.21,,,,,,,,,,,,,,
6/30/2004,15.73,,16.28,16.55,16.82,,17.37,17.63,17.91,18.18,,,18.98,19.25,19.52,,20.05,,,,,21.36,21.62,,22.12,,22.63,,23.13,23.37,23.62,,24.1,24.34,,,25.04,25.27,25.5,,25.95,,,26.6,,,27.24,,,,,,,,,,,,,,
7/30/2004,15.65,,16.21,16.48,16.76,,17.31,17.58,17.85,18.13,,,18.94,19.22,19.49,,20.02,,,,,21.34,21.6,,22.11,,22.62,,23.11,23.36,23.6,,24.08,24.31,,,25,25.22,25.44,,25.88,,,26.5,,,27.1,,,,,,,,,,,,,,
8/31/2004,,16.17,16.45,16.72,,17.28,17.56,17.84,18.12,,,18.94,19.22,19.49,,20.04,,,,,21.38,21.64,,22.16,,22.68,,23.19,23.44,23.69,,24.18,24.42,,,25.12,25.35,25.58,,26.02,,,26.66,,,27.28,,,,,,,,,,,,,,,
9/30/2004,,16.02,16.29,16.56,,17.12,17.39,17.66,17.94,,,18.76,19.03,19.31,,19.84,,,,,21.17,21.44,,21.95,,22.47,,22.97,23.23,23.48,,23.96,24.21,,,24.92,25.15,25.38,,25.83,,,26.48,,,27.12,,,,,,,,,,,,,,,
10/29/2004,,15.91,16.18,16.46,,17.01,17.28,17.56,17.83,,,18.65,18.93,19.2,,19.74,,,,,21.07,21.34,,21.85,,22.37,,22.87,23.13,23.37,,23.86,24.1,,,24.81,25.05,25.27,,25.72,,,26.37,,,27,,,,,,,,,,,,,,,
11/30/2004,15.71,15.97,16.25,,16.8,17.06,17.34,17.61,,,18.42,18.69,18.96,,19.49,,,,,20.8,21.06,,21.57,,22.08,,22.57,22.82,23.07,,23.54,23.78,,,24.47,24.7,24.93,,25.36,,,25.99,,,26.61,,,,,,,,,,,,,,,,
12/31/2004,15.56,15.83,16.1,,16.64,16.9,17.17,17.45,,,18.25,18.52,18.78,,19.31,,,,,20.62,20.88,,21.39,,21.9,,22.4,22.65,22.9,,23.38,23.62,,,24.33,24.56,24.79,,25.24,,,25.89,,,26.54,,,,,,,,,,,,,,,,
1/31/2005,15.3,15.56,15.83,,16.36,16.62,16.88,17.15,,,17.93,18.2,18.46,,18.97,,,,,20.25,20.51,,21.01,,21.51,,21.99,22.24,22.48,,22.95,23.19,,,23.88,24.11,24.34,,24.77,,,25.42,,,26.05,,,,,,,,,,,,,,,,
2/28/2005,15.38,15.64,,16.17,16.42,16.68,16.94,,,17.71,17.97,18.23,,18.74,,,,,19.99,20.24,,20.73,,21.22,,21.7,21.94,22.17,,22.63,22.87,,,23.54,23.76,23.99,,24.41,,,25.04,,,25.66,,,,,,,,,,,,,,,,,
3/31/2005,15.24,15.5,,16.02,16.27,16.53,16.78,,,17.55,17.8,18.06,,18.56,,,,,19.8,20.04,,20.53,,21.01,,21.48,21.72,21.95,,22.41,22.64,,,23.31,23.54,23.76,,24.18,,,24.81,,,25.43,,,,,,,,,,,,,,,,,
4/29/2005,15.18,15.45,,15.97,16.22,16.48,16.74,,,17.51,17.77,18.03,,18.53,,,,,19.79,20.04,,20.53,,21.02,,21.5,21.74,21.98,,22.44,22.67,,,23.35,23.58,23.8,,24.24,,,24.87,,,25.5,,,,,,,,,,,,,,,,,
5/31/2005,15.32,,15.84,16.09,16.35,16.61,,,17.37,17.63,17.89,,18.39,,,,,19.66,19.91,,20.4,,20.9,,21.38,21.63,21.87,,22.35,22.59,,,23.3,23.53,23.77,,24.22,,,24.9,,,25.57,,,,,,,,,,,,,,,,,,
6/30/2005,15.18,,15.69,15.94,16.2,16.46,,,17.22,17.48,17.73,,18.23,,,,,19.48,19.73,,20.21,,20.71,,21.18,21.42,21.66,,22.13,22.36,,,23.05,23.27,23.5,,23.94,,,24.59,,,25.23,,,,,,,,,,,,,,,,,,
7/29/2005,15.01,,15.52,15.77,16.02,16.28,,,17.03,17.28,17.53,,18.02,,,,,19.26,19.5,,19.98,,20.46,,20.93,21.16,21.4,,21.85,22.08,,,22.76,22.98,23.2,,23.63,,,24.26,,,24.89,,,,,,,,,,,,,,,,,,
8/31/2005,,15.45,15.7,15.96,16.21,,,16.97,17.22,17.48,,17.97,,,,,19.21,19.46,,19.95,,20.44,,20.91,21.15,21.39,,21.86,22.09,,,22.79,23.02,23.24,,23.69,,,24.35,,,25,,,,,,,,,,,,,,,,,,,
9/30/2005,,15.33,15.58,15.83,16.09,,,16.84,17.1,17.35,,17.85,,,,,19.09,19.33,,19.82,,20.31,,20.78,21.02,21.25,,21.72,21.95,,,22.63,22.86,23.08,,23.52,,,24.16,,,24.8,,,,,,,,,,,,,,,,,,,
10/31/2005,,15.2,15.45,15.7,15.95,,,16.7,16.95,17.2,,17.69,,,,,18.92,19.16,,19.64,,20.12,,20.59,20.83,21.07,,21.52,21.75,,,22.43,22.66,22.88,,23.31,,,23.95,,,24.59,,,,,,,,,,,,,,,,,,,
11/30/2005,15.13,15.37,15.63,15.88,,,16.63,16.88,17.13,,17.62,,,,,18.85,19.09,,19.57,,20.05,,20.52,20.76,21,,21.46,21.69,,,22.37,22.59,22.82,,23.26,,,23.91,,,24.55,,,,,,,,,,,,,,,,,,,,
12/30/2005,14.99,15.24,15.49,15.74,,,16.48,16.74,16.99,,17.47,,,,,18.7,18.94,,19.42,,19.91,,20.38,20.61,20.85,,21.31,21.55,,,22.23,22.46,22.68,,23.12,,,23.77,,,24.42,,,,,,,,,,,,,,,,,,,,
1/31/2006,14.87,15.11,15.36,15.62,,,16.36,16.61,16.86,,17.35,,,,,18.58,18.82,,19.3,,19.79,,20.26,20.5,20.74,,21.21,21.44,,,22.14,22.37,22.59,,23.05,,,23.71,,,24.37,,,,,,,,,,,,,,,,,,,,
2/28/2006,14.94,15.18,15.43,,,16.16,16.41,16.65,,17.13,,,,,18.34,18.58,,19.05,,19.53,,19.99,20.23,20.46,,20.92,21.15,,,21.82,22.05,22.27,,22.71,,,23.36,,,24.01,,,,,,,,,,,,,,,,,,,,28.05,
3/31/2006,14.94,15.19,15.44,,,16.18,16.43,16.68,,17.17,,,,,18.39,18.63,,19.11,,19.59,,20.05,20.29,20.52,,20.98,21.21,,,21.89,22.12,22.34,,22.77,,,23.42,,,24.05,,,,,,,,,,,,,,,,,,,,27.96,
4/28/2006,14.93,15.18,15.43,,,16.18,16.43,16.68,,17.17,,,,,18.4,18.65,,19.13,,19.61,,20.09,20.32,20.56,,21.03,21.26,,,21.95,22.17,22.4,,22.84,,,23.5,,,24.14,,,,,,,,,,,,,,,,,,,,28.14,
5/31/2006,15.05,15.3,,,16.04,16.29,16.54,,17.03,,,,,18.25,18.49,,18.96,,19.44,,19.91,20.15,20.38,,20.84,21.07,,,21.74,21.96,22.18,,22.62,,,23.25,,,23.88,,,,,,,,,,,,,,,,,,,,27.72,,
6/30/2006,14.91,15.16,,,15.89,16.14,16.39,,16.88,,,,,18.09,18.33,,18.81,,19.28,,19.75,19.98,20.22,,20.67,20.9,,,21.58,21.8,22.02,,22.45,,,23.09,,,23.72,,,,,,,,,,,,,,,,,,,,27.58,,
7/31/2006,14.86,15.11,,,15.86,16.11,16.35,,16.84,,,,,18.06,18.31,,18.78,,19.27,,19.74,19.98,20.21,,20.67,20.91,,,21.59,21.82,22.04,,22.49,,,23.14,,,23.79,,,,,,,,,,,,,,,,,,,,27.8,,
8/31/2006,15.04,,,15.79,16.04,16.29,,16.78,,,,,18.02,18.26,,18.74,,19.23,,19.7,19.94,20.18,,20.65,20.88,,,21.57,21.8,22.03,,22.47,,,23.13,,,23.78,,,,,,,,,,,,,,,,,,,,27.75,,,
9/29/2006,14.96,,,15.71,15.96,16.21,,16.7,,,,,17.93,18.18,,18.66,,19.15,,19.63,19.87,20.11,,20.57,20.81,,,21.5,21.73,21.96,,22.41,,,23.08,,,23.73,,,,,,,,,,,,,,,,,,,,27.79,,,
10/31/2006,14.88,,,15.63,15.88,16.13,,16.62,,,,,17.86,18.11,,18.59,,19.08,,19.55,19.79,20.03,,20.49,20.73,,,21.42,21.64,21.87,,22.31,,,22.96,,,23.6,,,,,,,,,,,,,,,,,,,,27.48,,,
11/30/2006,,,15.55,15.8,16.05,,16.55,,,,,17.78,18.03,,18.51,,19,,19.48,19.72,19.96,,20.42,20.65,,,21.34,21.57,21.8,,22.24,,,22.89,,,23.53,,,,,,,,,,,,,,,,,,,,27.38,,,,
12/29/2006,,,15.43,15.68,15.94,,16.43,,,,,17.66,17.91,,18.39,,18.87,,19.35,19.59,19.82,,20.29,20.52,,,21.21,21.43,21.66,,22.1,,,22.75,,,23.39,,,,,,,,,,,,,,,,,,,,27.23,,,,
1/31/2007,,,15.34,15.59,15.84,,16.34,,,,,17.57,17.82,,18.3,,18.79,,19.26,19.5,19.74,,20.2,20.43,,,21.12,21.35,21.57,,22.01,,,22.65,,,23.29,,,,,,,,,,,,,,,,,,,,27.08,,,,
2/28/2007,,15.3,15.55,15.8,,16.29,,,,,17.53,17.77,,18.26,,18.75,,19.23,19.47,19.71,,20.19,20.43,,,21.14,21.38,21.61,,22.07,,,22.76,,,23.45,,,,,,,,,,,,,,,,,,,,27.79,,,,28.63,
3/30/2007,,15.27,15.53,15.78,,16.28,,,,,17.52,17.77,,18.26,,18.75,,19.24,19.48,19.72,,20.21,20.45,,,21.16,21.4,21.64,,22.11,,,22.8,,,23.5,,,,,,,,,,,,,,,,,,,,27.88,,,,28.72,
4/30/2007,,15.19,15.44,15.69,,16.19,,,,,17.44,17.69,,18.18,,18.68,,19.16,19.41,19.65,,20.14,20.38,,,21.1,21.34,21.58,,22.05,,,22.74,,,23.44,,,,,,,,,,,,,,,,,,,,27.85,,,,28.7,
5/31/2007,15.01,15.26,15.51,,16,,,,,17.23,17.48,,17.96,,18.45,,18.93,19.18,19.42,,19.89,20.13,,,20.84,21.08,21.32,,21.78,,,22.47,,,23.16,,,,,,,,,,,,,,,,,,,,27.53,,,,28.37,,
6/29/2007,14.94,15.18,15.43,,15.92,,,,,17.14,17.38,,17.86,,18.34,,18.81,19.06,19.29,,19.77,20,,,20.71,20.94,21.18,,21.64,,,22.33,,,23.02,,,,,,,,,,,,,,,,,,,,27.44,,,,28.3,,
7/31/2007,14.92,15.17,15.42,,15.91,,,,,17.14,17.38,,17.86,,18.35,,18.82,19.06,19.3,,19.78,20.02,,,20.72,20.96,21.19,,21.65,,,22.34,,,23.02,,,,,,,,,,,,,,,,,,,,27.39,,,,28.23,,
8/31/2007,15.22,15.47,,15.96,,,,,17.2,17.44,,17.93,,18.42,,18.9,19.14,19.38,,19.86,20.1,,,20.82,21.06,21.3,,21.77,,,22.48,,,23.19,,,,,,,,,,,,,,,,,,,,27.83,,,,28.75,28.98,,
9/28/2007,15.18,15.43,,15.92,,,,,17.15,17.4,,17.88,,18.37,,18.85,19.09,19.33,,19.81,20.05,,,20.76,21,21.24,,21.7,,,22.4,,,23.11,,,,,,,,,,,,,,,,,,,,27.68,,,,28.58,28.8,,
10/31/2007,15.09,15.34,,15.83,,,,,17.07,17.32,,17.81,,18.3,,18.78,19.03,19.27,,19.75,19.99,,,20.71,20.95,21.19,,21.66,,,22.37,,,23.08,,,,,,,,,,,,,,,,,,,,27.69,,,,28.59,28.81,,
11/30/2007,15.46,,15.97,,,,,17.22,17.47,,17.96,,18.46,,18.95,19.19,19.44,,19.92,20.17,,,20.89,21.13,21.37,,21.85,,,22.56,,,23.27,,,,,,,,,,,,,,,,,,,,27.86,,,,28.76,28.98,,,
12/31/2007,15.41,,15.91,,,,,17.16,17.4,,17.89,,18.39,,18.87,19.11,19.36,,19.83,20.07,,,20.79,21.03,21.27,,21.74,,,22.44,,,23.15,,,,,,,,,,,,,,,,,,,,27.74,,,,28.65,28.87,,,
1/31/2008,15.6,,16.13,,,,,17.44,17.7,,18.21,,18.73,,19.23,19.49,19.75,,20.25,20.5,,,21.25,21.5,21.75,,22.24,,,22.97,,,23.71,,,,,,,,,,,,,,,,,,,,28.36,,,,29.26,29.48,,,
2/29/2008,,16.26,,,,,17.59,17.86,,18.38,,18.9,,19.42,19.68,19.94,,20.45,20.71,,,21.48,21.73,21.98,,22.48,,,23.23,,,23.98,,,,,,,,,,,,,,,,,,,,28.77,,,,29.71,29.94,,,30.64,
3/31/2008,,16.27,,,,,17.57,17.83,,18.33,,18.84,,19.34,19.58,19.83,,20.32,20.56,,,21.29,21.53,21.77,,22.24,,,22.95,,,23.65,,,,,,,,,,,,,,,,,,,,28.28,,,,29.19,29.41,,,30.11,
4/30/2008,,15.88,,,,,17.18,17.44,,17.94,,18.45,,18.95,19.2,19.45,,19.94,20.19,,,20.92,21.17,21.41,,21.89,,,22.61,,,23.33,,,,,,,,,,,,,,,,,,,,27.95,,,,28.86,29.08,,,29.76,
5/30/2008,15.69,,,,,16.98,17.23,,17.73,,18.24,,18.74,18.99,19.24,,19.73,19.98,,,20.71,20.95,21.2,,21.67,,,22.39,,,23.1,,,,,,,,,,,,,,,,,,,,27.69,,,,28.58,28.8,,,29.47,,
6/30/2008,15.59,,,,,16.86,17.11,,17.61,,18.11,,18.59,18.84,19.09,,19.57,19.81,,,20.53,20.77,21.01,,21.48,,,22.18,,,22.89,,,,,,,,,,,,,,,,,,,,27.45,,,,28.34,28.56,,,29.24,,
7/31/2008,15.58,,,,,16.88,17.13,,17.64,,18.14,,18.64,18.89,19.14,,19.63,19.88,,,20.61,20.85,21.1,,21.57,,,22.28,,,23,,,,,,,,,,,,,,,,,,,,27.58,,,,28.47,28.69,,,29.36,,
8/29/2008,,,,,16.77,17.02,,17.52,,18.02,,18.52,18.77,19.01,,19.5,19.75,,,20.47,20.72,20.96,,21.43,,,22.14,,,22.86,,,,,,,,,,,,,,,,,,,,27.47,,,,28.38,28.6,,,29.28,29.5,,
9/30/2008,,,,,16.65,16.89,,17.37,,17.86,,18.33,18.57,18.8,,19.27,19.5,,,20.19,20.42,20.65,,21.09,,,21.77,,,22.44,,,,,,,,,,,,,,,,,,,,26.84,,,,27.72,27.93,,,28.59,28.8,,
10/31/2008,,,,,16.76,16.98,,17.4,,17.81,,18.22,18.42,18.62,,19,19.2,,,19.76,19.95,20.14,,20.51,,,21.06,,,21.62,,,,,,,,,,,,,,,,,,,,25.41,,,,26.19,26.39,,,26.99,27.19,,
11/28/2008,,,,16.78,17.02,,17.47,,17.93,,18.37,18.59,18.81,,19.23,19.45,,,20.08,20.29,20.5,,20.92,,,21.54,,,22.16,,,,,,,,,,,,,,,,,,,,26.42,,,,27.31,27.53,,,28.21,28.44,,,
12/31/2008,,,,16.66,16.89,,17.35,,17.81,,18.25,18.46,18.68,,19.1,19.31,,,19.93,20.13,20.33,,20.73,,,21.31,,,21.9,,,,,,,,,,,,,,,,,,,,25.75,,,,26.52,26.72,,,27.31,27.5,,,
1/30/2009,,,,16.74,16.98,,17.45,,17.92,,18.37,18.59,18.82,,19.25,19.47,,,20.12,20.33,20.54,,20.96,,,21.59,,,22.22,,,,,,,,,,,,,,,,,,,,26.44,,,,27.3,27.52,,,28.18,28.4,,,
2/27/2009,,,16.62,16.87,,17.36,,17.85,,18.32,18.56,18.79,,19.25,19.48,,,20.16,20.38,20.6,,21.04,,,21.69,,,22.33,,,,,,,,,,,,,,,,,,,,26.54,,,,27.38,27.58,,,28.21,28.42,,,29.05,
3/31/2009,,,16.51,16.76,,17.27,,17.77,,18.27,18.52,18.77,,19.26,19.5,,,20.23,20.47,20.72,,21.2,,,21.91,,,22.63,,,,,,,,,,,,,,,,,,,,27.45,,,,28.43,28.67,,,29.41,29.65,,,30.4,
4/30/2009,,,16.49,16.75,,17.26,,17.77,,18.27,18.52,18.77,,19.25,19.5,,,20.23,20.47,20.71,,21.18,,,21.89,,,22.6,,,,,,,,,,,,,,,,,,,,27.27,,,,28.2,28.43,,,29.14,29.37,,,30.08,
5/29/2009,,16.3,16.55,,17.06,,17.56,,18.05,18.3,18.55,,19.04,19.28,,,20.01,20.25,20.49,,20.97,,,21.68,,,22.4,,,,,,,,,,,,,,,,,,,,27.23,,,,28.21,28.45,,,29.21,29.45,,,30.21,30.45,
6/30/2009,,16.06,16.32,,16.82,,17.33,,17.82,18.07,18.32,,18.81,19.06,,,19.79,20.03,20.28,,20.76,,,21.48,,,22.21,,,,,,,,,,,,,,,,,,,,27.02,,,,27.99,28.23,,,28.97,29.21,,,29.95,30.18,
7/31/2009,,16,16.26,,16.77,,17.28,,17.78,18.04,18.29,,18.79,19.04,,,19.79,20.03,20.28,,20.77,,,21.5,,,22.24,,,,,,,,,,,,,,,,,,,,27.07,,,,28.03,28.27,,,28.99,29.23,,,29.96,30.19,
8/31/2009,15.9,16.16,,16.66,,17.17,,17.67,17.92,18.17,,18.67,18.92,,,19.65,19.9,20.15,,20.63,,,21.37,,,22.1,,,,,,,,,,,,,,,,,,,,27,,,,28,28.24,,,29,29.25,,,30.01,30.26,30.51,
9/30/2009,15.82,16.08,,16.59,,17.11,,17.62,17.87,18.13,,18.63,18.89,,,19.64,19.89,20.14,,20.63,,,21.37,,,22.11,,,,,,,,,,,,,,,,,,,,26.88,,,,27.82,28.05,,,28.75,28.98,,,29.68,29.91,30.14,
10/30/2009,15.82,16.09,,16.62,,17.16,,17.68,17.95,18.21,,18.73,18.99,,,19.77,20.02,20.28,,20.79,,,21.55,,,22.31,,,,,,,,,,,,,,,,,,,,27.11,,,,28.02,28.25,,,28.93,29.15,,,29.83,30.05,30.27,
11/30/2009,16.11,,16.65,,17.2,,17.74,18.01,18.28,,18.81,19.09,,,19.89,20.16,20.43,,20.96,,,21.75,,,22.55,,,,,,,,,,,,,,,,,,,,27.75,,,,28.77,29.02,,,29.79,30.04,,,30.81,31.06,31.31,31.56,
12/31/2009,15.93,,16.47,,17.01,,17.53,17.8,18.07,,18.59,18.86,,,19.64,19.9,20.16,,20.67,,,21.44,,,22.21,,,,,,,,,,,,,,,,,,,,27.02,,,,27.93,28.15,,,28.83,29.05,,,29.72,29.93,30.15,30.37,
1/29/2010,15.89,,16.42,,16.96,,17.49,17.76,18.03,,18.55,18.82,,,19.61,19.87,20.14,,20.66,,,21.44,,,22.22,,,,,,,,,,,,,,,,,,,,27.32,,,,28.32,28.57,,,29.32,29.57,,,30.32,30.57,30.82,31.07,
2/26/2010,,16.38,,16.92,,17.45,17.72,17.99,,18.52,18.78,,,19.58,19.84,20.11,,20.63,,,21.41,,,22.2,,,,,,,,,,,,,,,,,,,,27.36,,,,28.38,28.63,,,29.41,29.66,,,30.43,30.68,30.94,31.19,31.45,
3/31/2010,,16.21,,16.75,,17.28,17.55,17.82,,18.35,18.62,,,19.41,19.68,19.95,,20.47,,,21.26,,,22.06,,,,,,,,,,,,,,,,,,,,27.31,,,,28.36,28.62,,,29.41,29.67,,,30.47,30.72,30.99,31.26,31.52,
4/30/2010,,16.08,,16.62,,17.14,17.41,17.68,,18.2,18.47,,,19.26,19.52,19.79,,20.31,,,21.1,,,21.89,,,,,,,,,,,,,,,,,,,,27.2,,,,28.28,28.53,,,29.36,29.62,,,30.44,30.71,30.99,31.26,31.54,
5/31/2010,15.97,,16.51,,17.03,17.29,17.56,,18.08,18.34,,,19.13,19.39,19.65,,20.17,,,20.95,,,21.75,,,,,,,,,,,,,,,,,,,,27.07,,,,28.16,28.42,,,29.27,29.53,,,30.38,30.65,30.93,31.22,31.5,31.77,
6/30/2010,15.91,,16.45,,16.98,17.24,17.51,,18.04,18.3,,,19.1,19.36,19.63,,20.15,,,20.94,,,21.74,,,,,,,,,,,,,,,,,,,,27.04,,,,28.11,28.37,,,29.19,29.45,,,30.27,30.53,30.8,31.08,31.36,31.62,
7/30/2010,15.91,,16.45,,16.99,17.27,17.54,,18.08,18.35,,,19.16,19.43,19.71,,20.24,,,21.06,,,21.89,,,,,,,,,,,,,,,,,,,,27.43,,,,28.57,28.84,,,29.72,30,,,30.88,31.16,31.45,31.75,32.05,32.33,
8/31/2010,,16.24,,16.77,17.05,17.32,,17.86,18.13,,,18.94,19.21,19.49,,20.03,,,20.84,,,21.68,,,,,,,,,,,,,,,,,,,,27.35,,,,28.54,28.82,,,29.73,30.03,,,30.95,31.24,31.54,31.86,32.18,32.48,32.78,
9/30/2010,,16.28,,16.82,17.1,17.38,,17.92,18.2,,,19.02,19.3,19.58,,20.12,,,20.95,,,21.8,,,,,,,,,,,,,,,,,,,,27.54,,,,28.74,29.03,,,29.95,30.25,,,31.18,31.48,31.79,32.1,32.42,32.73,33.04,
10/29/2010,,16.42,,16.98,17.27,17.56,,18.13,18.41,,,19.27,19.56,19.85,,20.43,,,21.29,,,22.18,,,,,,,,,,,,,,,,,,,,28.12,,,,29.33,29.63,,,30.56,30.86,,,31.8,32.11,32.42,32.73,33.05,33.36,33.67,
11/30/2010,16.28,,16.85,17.13,17.42,,17.99,18.28,,,19.13,19.42,19.71,,20.27,,,21.13,,,22,,,,,,,,,,,,,,,,,,,,27.72,,,,28.86,29.14,,,30,30.29,,,31.15,31.43,31.71,32,32.29,32.57,32.86,33.14,
12/31/2010,16.05,,16.6,16.87,17.15,,17.7,17.97,,,18.8,19.07,19.35,,19.89,,,20.71,,,21.54,,,,,,,,,,,,,,,,,,,,26.94,,,,28.01,28.27,,,29.07,29.34,,,30.14,30.4,30.67,30.93,31.2,31.46,31.73,31.99,
1/31/2011,16.11,,16.67,16.96,17.24,,17.8,18.09,,,18.94,19.22,19.51,,20.07,,,20.92,,,21.77,,,,,,,,,,,,,,,,,,,,27.33,,,,28.42,28.69,,,29.51,29.78,,,30.59,30.86,31.13,31.4,31.66,31.93,32.2,32.47,
2/28/2011,,16.44,16.72,17,,17.56,17.84,,,18.68,18.96,19.24,,19.8,,,20.64,,,21.48,,,,,,,,,,,,,,,,,,,,27.04,,,,28.14,28.41,,,29.23,29.5,,,30.32,30.59,30.87,31.14,31.41,31.68,31.96,32.23,32.5,
3/31/2011,,16.3,16.58,16.86,,17.42,17.7,,,18.53,18.81,19.09,,19.64,,,20.48,,,21.32,,,,,,,,,,,,,,,,,,,,26.82,,,,27.9,28.16,,,28.97,29.24,,,30.05,30.31,30.58,30.85,31.12,31.38,31.65,31.92,32.18,
4/29/2011,,16.28,16.56,16.84,,17.39,17.67,,,18.51,18.78,19.07,,19.62,,,20.45,,,21.29,,,,,,,,,,,,,,,,,,,,26.86,,,,27.97,28.24,,,29.09,29.36,,,30.21,30.48,30.77,31.05,31.33,31.6,31.89,32.17,32.45,
5/31/2011,16.23,16.51,16.79,,17.35,17.63,,,18.47,18.75,19.04,,19.59,,,20.43,,,21.28,,,,,,,,,,,,,,,,,,,,26.95,,,,28.1,28.37,,,29.25,29.52,,,30.4,30.68,30.97,31.27,31.56,31.84,32.13,32.43,32.72,33,
6/30/2011,16.19,16.47,16.75,,17.31,17.59,,,18.43,18.72,19,,19.56,,,20.4,,,21.25,,,,,,,,,,,,,,,,,,,,26.91,,,,28.05,28.32,,,29.19,29.47,,,30.34,30.61,30.9,31.2,31.49,31.76,32.05,32.35,32.64,32.92,
7/29/2011,16.14,16.42,16.71,,17.27,17.56,,,18.41,18.7,18.98,,19.55,,,20.4,,,21.27,,,,,,,,,,,,,,,,,,,,27.1,,,,28.29,28.58,,,29.49,29.78,,,30.7,30.99,31.29,31.61,31.92,32.21,32.52,32.83,33.14,33.44,
8/31/2011,16.24,16.52,,17.08,17.37,,,18.22,18.51,18.8,,19.37,,,20.23,,,21.1,,,,,,,,,,,,,,,,,,,,26.98,,,,28.19,28.48,,,29.4,29.69,,,30.62,30.92,31.22,31.54,31.85,32.16,32.46,32.78,33.09,33.4,33.7,
9/30/2011,15.87,16.15,,16.69,16.97,,,17.78,18.06,18.33,,18.87,,,19.68,,,20.5,,,,,,,,,,,,,,,,,,,,25.88,,,,26.93,27.19,,,27.98,28.24,,,29.03,29.28,29.54,29.8,30.07,30.32,30.58,30.84,31.1,31.36,31.61,
10/31/2011,15.86,16.14,,16.68,16.96,,,17.77,18.05,18.32,,18.86,,,19.67,,,20.49,,,,,,,,,,,,,,,,,,,,25.92,,,,27.01,27.27,,,28.09,28.36,,,29.18,29.45,29.72,29.99,30.27,30.54,30.81,31.08,31.36,31.63,31.9,
11/30/2011,15.99,,16.53,16.8,,,17.61,17.88,18.15,,18.68,,,19.49,,,20.3,,,,,,,,,,,,,,,,,,,,25.71,,,,26.8,27.07,,,27.9,28.17,,,29,29.28,29.55,29.83,30.11,30.39,30.66,30.94,31.22,31.5,31.78,32.05,
12/30/2011,15.87,,16.41,16.68,,,17.49,17.77,18.04,,18.57,,,19.38,,,20.2,,,,,,,,,,,,,,,,,,,,25.65,,,,26.75,27.02,,,27.85,28.12,,,28.96,29.24,29.52,29.79,30.07,30.35,30.63,30.91,31.19,31.47,31.75,32.03,
1/31/2012,15.86,,16.4,16.68,,,17.5,17.78,18.05,,18.6,,,19.42,,,20.25,,,,,,,,,,,,,,,,,,,,25.77,,,,26.88,27.16,,,28,28.28,,,29.12,29.4,29.69,29.97,30.25,30.53,30.82,31.1,31.38,31.66,31.95,32.23,
2/29/2012,,16.32,16.6,,,17.42,17.7,17.98,,18.52,,,19.35,,,20.18,,,,,,,,,,,,,,,,,,,,25.7,,,,26.8,27.07,,,27.91,28.18,,,29.01,29.28,29.57,29.84,30.12,30.39,30.68,30.95,31.23,31.5,31.78,32.06,32.34,
3/30/2012,,16.27,16.55,,,17.38,17.65,17.93,,18.48,,,19.3,,,20.13,,,,,,,,,,,,,,,,,,,,25.63,,,,26.73,27,,,27.83,28.1,,,28.94,29.2,29.49,29.77,30.04,30.31,30.6,30.87,31.15,31.42,31.7,31.98,32.26,
4/30/2012,,16.16,16.44,,,17.27,17.54,17.82,,18.37,,,19.19,,,20.03,,,,,,,,,,,,,,,,,,,,25.62,,,,26.76,27.03,,,27.9,28.18,,,29.06,29.33,29.63,29.93,30.22,30.5,30.8,31.1,31.39,31.67,31.97,32.27,32.57,
5/31/2012,15.91,16.19,,,17,17.28,17.55,,18.09,,,18.91,,,19.74,,,,,,,,,,,,,,,,,,,,25.31,,,,26.45,26.73,,,27.61,27.89,,,28.77,29.05,29.35,29.65,29.95,30.24,30.54,30.84,31.14,31.42,31.73,32.04,32.34,32.63,
6/29/2012,15.85,16.13,,,16.95,17.22,17.5,,18.04,,,18.86,,,19.69,,,,,,,,,,,,,,,,,,,,25.23,,,,26.35,26.63,,,27.49,27.76,,,28.63,28.9,29.19,29.48,29.77,30.05,30.34,30.64,30.93,31.21,31.5,31.8,32.09,32.37,
7/31/2012,15.74,16.02,,,16.83,17.1,17.38,,17.92,,,18.73,,,19.56,,,,,,,,,,,,,,,,,,,,25.06,,,,26.17,26.44,,,27.29,27.56,,,28.42,28.69,28.97,29.26,29.55,29.82,30.1,30.39,30.68,30.96,31.24,31.53,31.82,32.1,
8/31/2012,15.96,,,16.77,17.05,17.32,,17.87,,,18.69,,,19.51,,,,,,,,,,,,,,,,,,,,25.05,,,,26.17,26.45,,,27.3,27.58,,,28.44,28.72,29,29.29,29.59,29.87,30.15,30.44,30.74,31.02,31.3,31.6,31.9,32.18,32.47,
9/28/2012,15.93,,,16.76,17.04,17.31,,17.86,,,18.69,,,19.52,,,,,,,,,,,,,,,,,,,,25.09,,,,26.22,26.49,,,27.35,27.62,,,28.48,28.76,29.04,29.33,29.62,29.91,30.19,30.48,30.77,31.05,31.34,31.63,31.92,32.21,32.49,
10/31/2012,15.79,,,16.62,16.89,17.17,,17.71,,,18.53,,,19.37,,,,,,,,,,,,,,,,,,,,24.93,,,,26.06,26.34,,,27.2,27.48,,,28.34,28.62,28.91,29.2,29.49,29.78,30.07,30.36,30.65,30.94,31.23,31.52,31.82,32.11,32.4,
11/30/2012,,,16.54,16.81,17.09,,17.64,,,18.47,,,19.31,,,,,,,,,,,,,,,,,,,,24.93,,,,26.07,26.35,,,27.22,27.5,,,28.38,28.66,28.95,29.24,29.54,29.83,30.13,30.42,30.72,31.01,31.3,31.59,31.9,32.19,32.49,32.78,
12/31/2012,,,16.47,16.75,17.02,,17.57,,,18.39,,,19.23,,,,,,,,,,,,,,,,,,,,24.8,,,,25.93,26.21,,,27.08,27.36,,,28.23,28.52,28.81,29.1,29.39,29.69,29.98,30.27,30.57,30.86,31.16,31.45,31.75,32.05,32.35,32.64,
1/31/2013,,,16.42,16.69,16.97,,17.52,,,18.34,,,19.17,,,,,,,,,,,,,,,,,,,,24.72,,,,25.85,26.13,,,26.98,27.27,,,28.12,28.41,28.7,28.99,29.27,29.56,29.85,30.14,30.43,30.71,31.01,31.3,31.59,31.88,32.18,32.47,
2/28/2013,,16.37,16.65,16.93,,17.48,,,18.31,,,19.15,,,,,,,,,,,,,,,,,,,,24.75,,,,25.88,26.16,,,27.01,27.29,,,28.15,28.43,28.72,29.01,29.29,29.57,29.87,30.15,30.44,30.72,31.01,31.3,31.59,31.87,32.17,32.46,32.74,
3/29/2013,,16.29,16.57,16.86,,17.41,,,18.26,,,19.11,,,,,,,,,,,,,,,,,,,,24.79,,,,25.93,26.21,,,27.07,27.35,,,28.21,28.49,28.78,29.07,29.35,29.64,29.93,30.22,30.5,30.78,31.07,31.36,31.65,31.93,32.22,32.51,32.8,
4/30/2013,,16.13,16.4,16.69,,17.24,,,18.07,,,18.91,,,,,,,,,,,,,,,,,,,,24.54,,,,25.68,25.95,,,26.82,27.09,,,27.96,28.24,28.53,28.82,29.11,29.39,29.68,29.97,30.26,30.54,30.84,31.13,31.42,31.7,31.99,32.29,32.58,
5/31/2013,16.06,16.33,16.61,,17.16,,,17.99,,,18.82,,,,,,,,,,,,,,,,,,,,24.38,,,,25.5,25.77,,,26.63,26.9,,,27.75,28.03,28.31,28.6,28.88,29.16,29.45,29.73,30.02,30.29,30.58,30.87,31.16,31.43,31.72,32.01,32.3,32.58,
6/28/2013,15.9,16.17,16.45,,16.99,,,17.8,,,18.62,,,,,,,,,,,,,,,,,,,,24.07,,,,25.16,25.42,,,26.26,26.52,,,27.36,27.62,27.9,28.18,28.46,28.73,29.01,29.29,29.57,29.83,30.11,30.4,30.68,30.94,31.22,31.51,31.79,32.06,
7/31/2013,15.87,16.15,16.42,,16.96,,,17.78,,,18.6,,,,,,,,,,,,,,,,,,,,24.05,,,,25.15,25.41,,,26.24,26.51,,,27.34,27.61,27.88,28.16,28.44,28.71,28.98,29.27,29.55,29.81,30.09,30.37,30.65,30.92,31.2,31.48,31.76,32.03,
8/30/2013,15.96,16.23,,16.76,,,17.57,,,18.39,,,,,,,,,,,,,,,,,,,,23.8,,,,24.89,25.15,,,25.98,26.25,,,27.08,27.35,27.63,27.91,28.19,28.46,28.74,29.02,29.3,29.57,29.85,30.14,30.42,30.69,30.97,31.26,31.55,31.82,32.1,
9/30/2013,15.98,16.26,,16.8,,,17.63,,,18.46,,,,,,,,,,,,,,,,,,,,24.01,,,,25.12,25.4,,,26.24,26.52,,,27.36,27.64,27.92,28.2,28.49,28.77,29.05,29.33,29.62,29.89,30.18,30.46,30.75,31.03,31.31,31.6,31.89,32.16,32.45,
10/31/2013,15.88,16.16,,16.7,,,17.53,,,18.36,,,,,,,,,,,,,,,,,,,,23.9,,,,25.02,25.29,,,26.14,26.42,,,27.28,27.56,27.84,28.13,28.42,28.7,28.99,29.27,29.57,29.85,30.14,30.43,30.72,31.01,31.3,31.59,31.89,32.17,32.46,
11/29/2013,16.13,,16.67,,,17.49,,,18.32,,,,,,,,,,,,,,,,,,,,23.81,,,,24.92,25.19,,,26.04,26.32,,,27.17,27.45,27.73,28.02,28.31,28.59,28.88,29.16,29.46,29.74,30.03,30.32,30.61,30.9,31.19,31.48,31.78,32.07,32.36,32.66,
12/31/2013,15.92,,16.46,,,17.26,,,18.08,,,,,,,,,,,,,,,,,,,,23.49,,,,24.58,24.85,,,25.68,25.96,,,26.79,27.07,27.35,27.63,27.91,28.19,28.48,28.76,29.04,29.32,29.61,29.89,30.18,30.46,30.75,31.03,31.32,31.6,31.89,32.18,
1/31/2014,15.78,,16.31,,,17.12,,,17.94,,,,,,,,,,,,,,,,,,,,23.36,,,,24.46,24.73,,,25.56,25.83,,,26.66,26.94,27.22,27.5,27.77,28.05,28.34,28.61,28.89,29.17,29.46,29.74,30.02,30.3,30.58,30.87,31.15,31.43,31.72,32,
2/28/2014,,16.21,,,17.02,,,17.84,,,,,,,,,,,,,,,,,,,,23.29,,,,24.39,24.66,,,25.49,25.77,,,26.6,26.88,27.16,27.44,27.72,28,28.28,28.56,28.84,29.12,29.41,29.69,29.97,30.25,30.54,30.82,31.1,31.38,31.67,31.96,32.24,
3/31/2014,,15.99,,,16.79,,,17.6,,,,,,,,,,,,,,,,,,,,23.02,,,,24.11,24.37,,,25.2,25.47,,,26.3,26.56,26.84,27.12,27.4,27.67,27.95,28.22,28.5,28.77,29.05,29.33,29.6,29.87,30.16,30.44,30.71,30.98,31.27,31.55,31.82,
4/30/2014,,15.88,,,16.68,,,17.49,,,,,,,,,,,,,,,,,,,,22.87,,,,23.95,24.21,,,25.03,25.3,,,26.12,26.38,26.66,26.94,27.21,27.48,27.76,28.03,28.31,28.57,28.85,29.13,29.4,29.67,29.95,30.23,30.5,30.77,31.05,31.33,31.6,
5/30/2014,15.8,,,16.6,,,17.42,,,,,,,,,,,,,,,,,,,,22.85,,,,23.95,24.21,,,25.04,25.31,,,26.14,26.4,26.68,26.96,27.24,27.51,27.79,28.07,28.34,28.61,28.89,29.17,29.45,29.71,29.99,30.28,30.55,30.82,31.1,31.38,31.66,31.93,
6/30/2014,15.68,,,16.48,,,17.29,,,,,,,,,,,,,,,,,,,,22.68,,,,23.77,24.03,,,24.86,25.12,,,25.95,26.21,26.49,26.77,27.04,27.31,27.59,27.87,28.14,28.41,28.68,28.96,29.24,29.51,29.78,30.07,30.34,30.61,30.89,31.17,31.45,31.72,
7/31/2014,15.5,,,16.29,,,17.09,,,,,,,,,,,,,,,,,,,,22.44,,,,23.52,23.78,,,24.6,24.87,,,25.69,25.96,26.23,26.51,26.78,27.05,27.32,27.6,27.88,28.14,28.42,28.7,28.98,29.25,29.52,29.8,30.08,30.35,30.63,30.91,31.19,31.46,
8/29/2014,,,16.16,,,16.96,,,,,,,,,,,,,,,,,,,,22.32,,,,23.4,23.66,,,24.49,24.75,,,25.58,25.84,26.12,26.4,26.68,26.94,27.22,27.5,27.78,28.05,28.32,28.6,28.88,29.15,29.43,29.71,29.99,30.26,30.54,30.83,31.11,31.38,31.66,
9/30/2014,,,16.05,,,16.85,,,,,,,,,,,,,,,,,,,,22.16,,,,23.23,23.5,,,24.31,24.58,,,25.4,25.66,25.93,26.21,26.49,26.75,27.03,27.3,27.58,27.85,28.12,28.4,28.68,28.95,29.23,29.5,29.79,30.06,30.33,30.61,30.9,31.17,31.45,
10/31/2014,,,15.96,,,16.75,,,,,,,,,,,,,,,,,,,,22.06,,,,23.14,23.41,,,24.23,24.5,,,25.33,25.6,25.88,26.15,26.44,26.71,26.99,27.27,27.56,27.83,28.12,28.4,28.69,28.97,29.25,29.54,29.83,30.11,30.4,30.69,30.99,31.27,31.56,
11/28/2014,,15.85,,,16.64,,,,,,,,,,,,,,,,,,,,21.96,,,,23.04,23.31,,,24.14,24.41,,,25.24,25.51,25.79,26.07,26.36,26.64,26.92,27.2,27.48,27.76,28.05,28.33,28.62,28.91,29.2,29.48,29.78,30.06,30.35,30.64,30.94,31.23,31.53,31.82,
12/31/2014,,15.61,,,16.39,,,,,,,,,,,,,,,,,,,,21.62,,,,22.7,22.96,,,23.78,24.05,,,24.88,25.16,25.44,25.71,26,26.28,26.56,26.84,27.13,27.41,27.7,27.99,28.28,28.56,28.86,29.15,29.44,29.74,30.03,30.33,30.63,30.93,31.23,31.53,
1/30/2015,,15.58,,,16.36,,,,,,,,,,,,,,,,,,,,21.54,,,,22.59,22.85,,,23.64,23.9,,,24.69,24.95,25.22,25.49,25.75,26.02,26.29,26.56,26.82,27.09,27.36,27.63,27.9,28.17,28.44,28.72,28.99,29.26,29.53,29.81,30.08,30.35,30.63,30.9,
2/27/2015,15.49,,,16.28,,,,,,,,,,,,,,,,,,,,21.54,,,,22.6,22.86,,,23.66,23.92,,,24.72,24.98,25.25,25.52,25.78,26.05,26.32,26.58,26.85,27.11,27.38,27.65,27.91,28.17,28.44,28.71,28.98,29.24,29.51,29.78,30.04,30.31,30.58,30.84,31.11,
3/31/2015,15.43,,,16.22,,,,,,,,,,,,,,,,,,,,21.5,,,,22.57,22.82,,,23.63,23.89,,,24.7,24.96,25.23,25.5,25.77,26.03,26.3,26.57,26.84,27.1,27.38,27.65,27.91,28.18,28.45,28.72,28.99,29.25,29.52,29.8,30.06,30.33,30.6,30.87,31.14,
4/30/2015,15.4,,,16.2,,,,,,,,,,,,,,,,,,,,21.57,,,,22.65,22.91,,,23.73,23.99,,,24.81,25.07,25.34,25.62,25.89,26.15,26.42,26.69,26.96,27.22,27.49,27.76,28.03,28.29,28.56,28.83,29.1,29.35,29.63,29.89,30.16,30.42,30.69,30.95,31.22,
5/29/2015,,,16.16,,,,,,,,,,,,,,,,,,,,21.59,,,,22.69,22.95,,,23.78,24.04,,,24.87,25.13,25.41,25.68,25.95,26.21,26.49,26.76,27.03,27.28,27.55,27.82,28.09,28.35,28.61,28.88,29.15,29.4,29.66,29.93,30.19,30.44,30.71,30.97,31.23,31.48,
6/30/2015,,,16.08,,,,,,,,,,,,,,,,,,,,21.56,,,,22.67,22.94,,,23.78,24.04,,,24.88,25.15,25.42,25.7,25.98,26.24,26.52,26.79,27.07,27.33,27.6,27.88,28.15,28.41,28.68,28.95,29.22,29.48,29.75,30.02,30.29,30.55,30.81,31.08,31.35,31.6,
7/31/2015,,,15.92,,,,,,,,,,,,,,,,,,,,21.37,,,,22.48,22.75,,,23.59,23.86,,,24.7,24.97,25.25,25.53,25.81,26.09,26.36,26.64,26.93,27.19,27.47,27.75,28.03,28.3,28.58,28.86,29.14,29.41,29.69,29.97,30.25,30.52,30.79,31.08,31.36,31.62,
8/31/2015,,15.84,,,,,,,,,,,,,,,,,,,,21.22,,,,22.31,22.58,,,23.41,23.68,,,24.51,24.78,25.06,25.34,25.62,25.89,26.17,26.45,26.73,27,27.28,27.56,27.85,28.12,28.39,28.68,28.96,29.24,29.52,29.8,30.09,30.36,30.64,30.93,31.21,31.49,,
9/30/2015,,15.8,,,,,,,,,,,,,,,,,,,,21.25,,,,22.37,22.64,,,23.49,23.76,,,24.61,24.89,25.17,25.45,25.74,26.02,26.3,26.59,26.88,27.16,27.44,27.73,28.02,28.3,28.59,28.88,29.17,29.45,29.74,30.03,30.33,30.61,30.9,31.19,31.49,31.77,32.06,
10/30/2015,,15.65,,,,,,,,,,,,,,,,,,,,21.03,,,,22.13,22.4,,,23.24,23.51,,,24.36,24.63,24.92,25.2,25.49,25.77,26.05,26.33,26.63,26.91,27.19,27.48,27.78,28.06,28.35,28.64,28.94,29.22,29.52,29.81,30.11,30.4,30.7,30.99,31.29,31.59,31.88,
11/30/2015,15.53,,,,,,,,,,,,,,,,,,,,20.91,,,,22.01,22.29,,,23.12,23.4,,,24.24,24.52,24.8,25.08,25.36,25.65,25.93,26.21,26.5,26.78,27.07,27.35,27.64,27.93,28.21,28.5,28.8,29.08,29.37,29.66,29.96,30.25,30.54,30.83,31.13,31.42,31.71,,
12/31/2015,15.39,,,,,,,,,,,,,,,,,,,,20.74,,,,21.84,22.11,,,22.94,23.21,,,24.05,24.33,24.61,24.89,25.17,25.45,25.74,26.02,26.3,26.59,26.87,27.16,27.45,27.73,28.02,28.31,28.6,28.89,29.18,29.47,29.76,30.06,30.35,30.64,30.94,31.23,31.53,31.82,
1/29/2016,15.38,,,,,,,,,,,,,,,,,,,,20.76,,,,21.87,22.14,,,22.98,23.26,,,24.1,24.39,24.67,24.96,25.24,25.53,25.82,26.1,26.39,26.68,26.97,27.26,27.55,27.84,28.14,28.44,28.73,29.03,29.33,29.62,29.92,30.22,30.53,30.83,31.13,31.43,31.74,,
2/29/2016,,,,,,,,,,,,,,,,,,,,20.66,,,,21.77,22.04,,,22.89,23.17,,,24.02,24.3,24.59,24.88,25.17,25.46,25.75,26.04,26.33,26.62,26.92,27.22,27.51,27.8,28.11,28.41,28.71,29,29.31,29.62,29.92,30.22,30.54,30.84,31.15,31.46,31.77,32.09,,
3/31/2016,,,,,,,,,,,,,,,,,,,,20.6,,,,21.72,21.99,,,22.84,23.12,,,23.97,24.25,24.54,24.83,25.12,25.4,25.69,25.99,26.27,26.56,26.85,27.15,27.44,27.72,28.02,28.32,28.62,28.9,29.21,29.51,29.8,30.1,30.4,30.7,31,31.3,31.61,31.91,32.21,
4/29/2016,,,,,,,,,,,,,,,,,,,,20.52,,,,21.64,21.91,,,22.76,23.03,,,23.89,24.17,24.46,24.75,25.03,25.31,25.6,25.9,26.18,26.46,26.76,27.05,27.34,27.63,27.93,28.22,28.52,28.8,29.1,29.4,29.7,29.98,30.29,30.59,30.89,31.17,31.48,31.79,32.09,
5/31/2016,,,,,,,,,,,,,,,,,,,20.34,,,,21.45,21.72,,,22.57,22.84,,,23.7,23.97,24.26,24.55,24.84,25.12,25.41,25.7,25.99,26.27,26.57,26.87,27.16,27.44,27.74,28.04,28.34,28.62,28.93,29.23,29.53,29.82,30.13,30.43,30.74,31.03,31.34,31.65,31.96,,
6/30/2016,,,,,,,,,,,,,,,,,,,20.28,,,,21.4,21.67,,,22.52,22.8,,,23.66,23.94,24.23,24.52,24.81,25.1,25.39,25.69,25.98,26.26,26.56,26.86,27.16,27.45,27.75,28.05,28.35,28.64,28.95,29.26,29.56,29.86,30.17,30.48,30.79,31.09,31.4,31.72,32.03,,
7/29/2016,,,,,,,,,,,,,,,,,,,20.09,,,,21.2,21.46,,,22.31,22.58,,,23.43,23.7,23.98,24.27,24.56,24.84,25.12,25.42,25.71,25.99,26.27,26.57,26.87,27.15,27.44,27.74,28.04,28.32,28.62,28.92,29.22,29.51,29.81,30.12,30.42,30.72,31.02,31.33,31.64,31.93,
8/31/2016,,,,,,,,,,,,,,,,,,19.96,,,,21.06,21.33,,,22.16,22.42,,,23.26,23.53,23.8,24.08,24.37,24.64,24.91,25.19,25.48,25.75,26.02,26.31,26.59,26.86,27.14,27.42,27.7,27.98,28.25,28.54,28.82,29.1,29.37,29.66,29.94,30.22,30.49,30.78,31.07,31.34,,
9/30/2016,,,,,,,,,,,,,,,,,,19.98,,,,21.09,21.35,,,22.19,22.46,,,23.3,23.57,23.84,24.12,24.4,24.68,24.95,25.23,25.51,25.79,26.06,26.34,26.62,26.89,27.17,27.45,27.73,28,28.28,28.56,28.84,29.11,29.39,29.66,29.94,30.21,30.49,30.77,31.05,31.32,31.59,
10/31/2016,,,,,,,,,,,,,,,,,,19.93,,,,21.03,21.3,,,22.14,22.41,,,23.25,23.52,23.8,24.08,24.36,24.64,24.91,25.19,25.48,25.75,26.03,26.31,26.59,26.86,27.14,27.42,27.71,27.98,28.26,28.53,28.82,29.09,29.37,29.65,29.93,30.21,30.48,30.76,31.05,31.32,31.6,
11/30/2016,,,,,,,,,,,,,,,,,19.73,,,,20.82,21.08,,,21.91,22.17,,,23,23.27,23.54,23.82,24.1,24.37,24.64,24.92,25.2,25.47,25.74,26.02,26.3,26.57,26.84,27.12,27.4,27.67,27.94,28.22,28.5,28.77,29.05,29.32,29.6,29.87,30.15,30.42,30.7,30.97,31.25,,
12/30/2016,,,,,,,,,,,,,,,,,19.62,,,,20.71,20.98,,,21.8,22.06,,,22.89,23.16,23.43,23.7,23.98,24.25,24.53,24.8,25.07,25.34,25.62,25.89,26.17,26.44,26.72,26.99,27.26,27.53,27.81,28.08,28.36,28.63,28.91,29.18,29.45,29.72,30,30.27,30.55,30.82,31.09,31.37,
1/31/2017,,,,,,,,,,,,,,,,,19.53,,,,20.61,20.87,,,21.69,21.96,,,22.78,23.05,23.33,23.6,23.87,24.14,24.42,24.69,24.96,25.23,25.51,25.78,26.05,26.32,26.6,26.87,27.15,27.42,27.69,27.97,28.24,28.51,28.79,29.06,29.33,29.6,29.88,30.15,30.42,30.69,30.97,31.24,
2/28/2017,,,,,,,,,,,,,,,,19.45,,,,20.53,20.8,,,21.62,21.89,,,22.72,22.99,23.26,23.54,23.81,24.08,24.36,24.63,24.9,25.17,25.45,25.72,26,26.26,26.54,26.81,27.08,27.35,27.63,27.9,28.17,28.44,28.71,28.99,29.25,29.52,29.79,30.07,30.33,30.6,30.87,31.14,,
3/31/2017,,,,,,,,,,,,,,,,19.37,,,,20.46,20.73,,,21.56,21.83,,,22.66,22.93,23.21,23.48,23.76,24.03,24.31,24.58,24.86,25.12,25.4,25.68,25.95,26.22,26.49,26.77,27.04,27.31,27.58,27.86,28.13,28.39,28.67,28.94,29.21,29.47,29.74,30.01,30.28,30.54,30.82,31.09,31.35,
4/28/2017,,,,,,,,,,,,,,,,19.32,,,,20.42,20.69,,,21.53,21.79,,,22.63,22.9,23.18,23.46,23.74,24.01,24.29,24.57,24.85,25.12,25.4,25.68,25.95,26.22,26.5,26.78,27.05,27.32,27.6,27.88,28.15,28.42,28.7,28.97,29.24,29.51,29.78,30.06,30.33,30.59,30.87,31.14,31.42,
5/31/2017,,,,,,,,,,,,,,,19.2,,,,20.29,20.55,,,21.39,21.65,,,22.48,22.75,23.03,23.31,23.58,23.85,24.13,24.41,24.69,24.95,25.23,25.51,25.79,26.05,26.33,26.61,26.89,27.15,27.43,27.71,27.98,28.25,28.53,28.8,29.08,29.34,29.62,29.9,30.17,30.43,30.71,30.99,31.26,,
6/30/2017,,,,,,,,,,,,,,,19,,,,20.07,20.33,,,21.14,21.4,,,22.22,22.48,22.75,23.03,23.3,23.56,23.83,24.11,24.38,24.64,24.91,25.19,25.46,25.72,25.99,26.26,26.54,26.8,27.07,27.34,27.61,27.88,28.15,28.42,28.69,28.95,29.22,29.49,29.76,30.02,30.3,30.57,30.84,31.1,
7/31/2017,,,,,,,,,,,,,,,18.98,,,,20.05,20.32,,,21.14,21.4,,,22.22,22.49,22.76,23.03,23.31,23.58,23.84,24.12,24.4,24.66,24.93,25.21,25.48,25.75,26.02,26.29,26.57,26.83,27.1,27.38,27.65,27.91,28.18,28.46,28.73,28.99,29.26,29.54,29.81,30.07,30.34,30.61,30.89,31.15,
8/31/2017,,,,,,,,,,,,,,18.86,,,,19.94,20.2,,,21.03,21.29,,,22.12,22.38,22.66,22.93,23.21,23.48,23.75,24.03,24.3,24.57,24.84,25.12,25.4,25.66,25.93,26.21,26.49,26.76,27.03,27.31,27.58,27.85,28.12,28.4,28.68,28.94,29.21,29.49,29.77,30.03,30.3,30.58,30.86,31.12,,
9/29/2017,,,,,,,,,,,,,,18.72,,,,19.79,20.05,,,20.87,21.13,,,21.95,22.21,22.48,22.75,23.03,23.3,23.57,23.84,24.11,24.38,24.65,24.92,25.19,25.46,25.73,26,26.27,26.54,26.81,27.08,27.35,27.62,27.88,28.15,28.43,28.69,28.96,29.23,29.5,29.76,30.03,30.3,30.57,30.83,31.1,
10/31/2017,,,,,,,,,,,,,,18.58,,,,19.65,19.91,,,20.73,20.99,,,21.81,22.07,22.34,22.61,22.89,23.15,23.42,23.69,23.97,24.23,24.5,24.77,25.05,25.31,25.58,25.85,26.13,26.39,26.66,26.93,27.2,27.47,27.74,28.01,28.28,28.54,28.81,29.08,29.35,29.61,29.88,30.15,30.42,30.69,30.95,
11/30/2017,,,,,,,,,,,,,18.39,,,,19.44,19.69,,,20.5,20.76,,,21.56,21.82,22.08,22.35,22.62,22.88,23.15,23.41,23.68,23.95,24.21,24.48,24.75,25.01,25.28,25.54,25.81,26.07,26.34,26.61,26.88,27.14,27.41,27.67,27.94,28.2,28.47,28.73,29,29.26,29.53,29.79,30.06,30.32,30.59,,
12/29/2017,,,,,,,,,,,,,18.21,,,,19.26,19.51,,,20.3,20.56,,,21.35,21.61,21.88,22.14,22.41,22.67,22.93,23.19,23.46,23.72,23.98,24.25,24.51,24.77,25.04,25.3,25.57,25.83,26.09,26.36,26.62,26.88,27.15,27.41,27.67,27.93,28.2,28.46,28.73,28.99,29.25,29.51,29.78,30.04,30.3,30.57,
1/31/2018,,,,,,,,,,,,,18.01,,,,19.03,19.28,,,20.06,20.31,,,21.08,21.34,21.6,21.86,22.11,22.37,22.63,22.89,23.15,23.4,23.66,23.92,24.18,24.43,24.7,24.96,25.21,25.47,25.73,25.99,26.25,26.51,26.77,27.03,27.29,27.54,27.81,28.07,28.33,28.58,28.84,29.11,29.36,29.62,29.89,30.15,
2/28/2018,,,,,,,,,,,,17.96,,,,18.98,19.23,,,20,20.26,,,21.03,21.29,21.55,21.81,22.06,22.32,22.58,22.84,23.1,23.35,23.61,23.88,24.13,24.39,24.65,24.91,25.17,25.43,25.69,25.95,26.21,26.47,26.73,26.99,27.25,27.51,27.77,28.03,28.29,28.55,28.82,29.08,29.34,29.59,29.86,30.12,,
3/30/2018,,,,,,,,,,,,17.79,,,,18.83,19.08,,,19.88,20.13,,,20.93,21.19,21.46,21.73,21.99,22.25,22.52,22.78,23.04,23.3,23.57,23.83,24.09,24.34,24.61,24.87,25.13,25.38,25.65,25.91,26.16,26.42,26.68,26.94,27.19,27.44,27.7,27.96,28.22,28.47,28.73,28.98,29.24,29.49,29.75,30,30.26,
