Bucket,15,15.25,15.5,15.75,16,16.25,16.5,16.75,17,17.25,17.5,17.75,18,18.25,18.5,18.75,19,19.25,19.5,19.75,20,20.25,20.5,20.75,21,21.25,21.5,21.75,22,22.25,22.5,22.75,23,23.25,23.5,23.75,24,24.25,24.5,24.75,25,25.25,25.5,25.75,26,26.25,26.5,26.75,27,27.25,27.5,27.75,28,28.25,28.5,28.75,29,29.25,29.5,29.75,30,,
12/31/1998,5.611,5.592,5.496,5.516,5.526,5.536,5.546,5.566,5.576,5.586,5.596,5.606,5.606,5.616,5.626,5.626,5.626,5.626,,5.629,5.629,5.639,5.639,5.639,5.639,5.639,5.639,5.639,5.639,5.619,5.639,5.629,5.619,5.609,5.609,5.609,5.589,5.579,5.539,5.559,5.559,5.549,5.539,5.559,5.529,5.529,5.519,5.519,5.509,5.509,5.509,5.509,5.509,5.509,5.509,5.509,5.509,5.509,5.509,5.509,5.509,5.509,
1/29/1999,5.554,5.537,5.435,5.455,5.465,5.475,5.495,5.505,5.525,5.545,5.555,5.555,5.565,5.565,5.575,5.575,5.575,5.575,,5.571,5.551,5.571,5.581,5.581,5.581,5.581,5.581,5.581,5.581,5.571,5.581,5.581,5.571,5.561,5.561,5.551,5.541,5.531,5.511,5.501,5.501,5.481,5.481,5.461,5.451,5.431,5.431,5.421,5.421,5.411,5.411,5.401,5.401,5.391,5.391,5.381,5.381,5.371,5.371,5.361,5.361,5.351,
2/26/1999,5.964,5.989,5.986,5.996,6.006,6.016,6.026,6.026,6.036,6.046,6.056,6.056,6.066,6.066,6.066,6.066,6.076,,5.958,5.948,5.948,5.948,5.948,5.948,5.948,5.938,5.938,5.938,5.928,5.928,5.928,5.928,5.918,5.918,5.908,5.898,5.888,5.868,5.858,5.848,5.838,5.818,5.798,5.788,5.768,5.758,5.758,5.748,5.748,5.738,5.728,5.718,5.718,5.708,5.698,5.698,5.688,5.688,5.688,5.688,5.678,5.529,
3/31/1999,6.104,6.089,6.026,6.039,6.054,6.066,6.074,6.084,6.091,6.096,6.101,6.104,6.106,6.109,6.111,6.114,6.114,,6.131,6.121,6.124,6.124,6.124,6.124,6.124,6.114,6.114,6.114,6.099,6.091,6.089,6.086,6.079,6.081,6.076,6.071,6.061,6.056,6.046,6.036,6.026,6.019,6.011,6.001,5.991,5.979,5.974,5.969,5.966,5.966,5.959,5.951,5.946,5.931,5.926,5.921,5.916,5.906,5.906,5.901,5.896,5.64,
4/30/1999,6.115,6.098,6.04,6.05,6.06,6.07,6.08,6.09,6.1,6.1,6.11,6.11,6.11,6.11,6.12,6.12,6.12,,6.132,6.122,6.132,6.132,6.132,6.132,6.132,6.132,6.132,6.132,6.112,6.112,6.112,6.112,6.102,6.102,6.092,6.092,6.082,6.082,6.072,6.062,6.052,6.042,6.032,6.022,6.012,6.012,6.012,6.002,6.002,5.992,5.982,5.982,5.972,5.952,5.952,5.942,5.942,5.932,5.932,5.922,5.922,5.922,
5/31/1999,6.263,6.271,6.27,6.28,6.28,6.29,6.29,6.29,6.29,6.29,6.3,6.3,6.3,6.3,6.3,6.3,,6.3,6.29,6.29,6.29,6.29,6.28,6.28,6.27,6.27,6.27,6.26,6.24,6.24,6.24,6.23,6.22,6.22,6.21,6.2,6.18,6.17,6.16,6.15,6.13,6.12,6.11,6.1,6.1,6.09,6.09,6.08,6.08,6.07,6.07,6.06,6.04,6.04,6.03,6.03,6.02,6.02,6.01,6.01,6.02,,
6/30/1999,6.379,6.376,6.359,6.369,6.369,6.379,6.379,6.379,6.389,6.389,6.389,6.389,6.389,6.379,6.379,6.379,,6.379,6.42,6.42,6.42,6.42,6.41,6.41,6.4,6.4,6.4,6.39,6.37,6.37,6.37,6.36,6.35,6.34,6.34,6.33,6.31,6.3,6.29,6.28,6.25,6.25,6.24,6.23,6.22,6.21,6.21,6.21,6.2,6.2,6.19,6.19,6.17,6.16,6.16,6.15,6.14,6.14,6.13,6.13,6.14,,
7/30/1999,6.478,6.479,6.502,6.502,6.492,6.502,6.502,6.502,6.502,6.502,6.502,6.512,6.512,6.512,6.512,6.502,,6.502,6.51,6.5,6.49,6.49,6.49,6.48,6.47,6.47,6.47,6.47,6.45,6.45,6.44,6.44,6.42,6.41,6.4,6.39,6.37,6.36,6.35,6.34,6.31,6.3,6.29,6.28,6.26,6.25,6.25,6.25,6.23,6.23,6.22,6.22,6.2,6.19,6.19,6.19,6.19,6.19,6.19,6.19,6.19,,
8/31/1999,6.529,6.548,6.599,6.599,6.599,6.599,6.609,6.599,6.599,6.609,6.609,6.609,6.609,6.609,6.609,,6.609,6.609,6.534,6.524,6.524,6.524,6.514,6.504,6.504,6.504,6.494,6.484,6.474,6.474,6.464,6.434,6.424,6.414,6.404,6.394,6.384,6.374,6.364,6.334,6.314,6.304,6.294,6.274,6.274,6.264,6.264,6.244,6.234,6.224,6.224,6.214,6.204,6.204,6.194,6.194,6.194,6.194,6.194,6.194,,5.924,
9/30/1999,6.567,6.569,6.583,6.593,6.593,6.603,6.603,6.593,6.593,6.603,6.603,6.603,6.603,6.603,6.593,,6.603,6.603,6.601,6.601,6.591,6.591,6.581,6.571,6.571,6.571,6.571,6.541,6.531,6.521,6.511,6.491,6.481,6.471,6.461,6.451,6.441,6.431,6.421,6.391,6.371,6.361,6.341,6.331,6.321,6.311,6.301,6.301,6.301,6.291,6.281,6.271,6.271,6.261,6.261,6.261,6.261,6.251,6.251,6.251,,5.949,
10/29/1999,6.595,6.601,6.633,6.633,6.643,6.643,6.643,6.633,6.633,6.633,6.633,6.633,6.633,6.633,6.623,,6.613,6.613,6.618,6.618,6.608,6.608,6.608,6.598,6.598,6.598,6.598,6.588,6.568,6.558,6.548,6.528,6.518,6.508,6.498,6.488,6.478,6.468,6.458,6.438,6.418,6.398,6.378,6.368,6.358,6.348,6.348,6.338,6.338,6.338,6.318,6.298,6.298,6.288,6.288,6.278,6.278,6.278,6.278,6.278,,6.035,
11/30/1999,6.65,6.704,6.782,6.772,6.772,6.772,6.772,6.752,6.752,6.752,6.732,6.732,6.732,6.732,,6.722,6.722,6.722,6.705,6.705,6.705,6.695,6.685,6.685,6.685,6.675,6.665,6.645,6.635,6.625,6.605,6.595,6.585,6.575,6.555,6.545,6.535,6.525,6.515,6.505,6.495,6.475,6.455,6.445,6.445,6.445,6.465,6.465,6.455,6.445,6.425,6.425,6.415,6.415,6.405,6.405,6.395,6.395,6.395,,6.165,,
12/31/1999,6.842,6.896,6.954,6.954,6.954,6.954,6.954,6.944,6.944,6.944,6.934,6.934,6.934,6.934,,6.924,6.924,6.924,6.893,6.893,6.893,6.883,6.883,6.883,6.883,6.873,6.863,6.843,6.843,6.813,6.803,6.793,6.783,6.773,6.763,6.753,6.743,6.733,6.693,6.683,6.673,6.653,6.643,6.643,6.633,6.633,6.623,6.623,6.613,6.603,6.593,6.593,6.593,6.583,6.593,6.593,6.583,6.583,6.593,,6.336,,
1/31/2000,6.603,6.649,6.699,6.699,6.699,6.699,6.689,6.689,6.689,6.689,6.669,6.669,6.669,6.659,,6.649,6.649,6.649,6.657,6.657,6.657,6.657,6.647,6.647,6.637,6.627,6.607,6.607,6.597,6.577,6.557,6.567,6.567,6.557,6.557,6.547,6.547,6.537,6.527,6.517,6.517,6.477,6.477,6.477,6.477,6.467,6.467,6.457,6.457,6.447,6.447,6.427,6.427,6.427,6.437,6.437,6.427,6.427,6.437,,6.316,,
2/29/2000,6.356,6.429,6.566,6.556,6.556,6.546,6.546,6.546,6.526,6.486,6.476,6.476,6.466,,6.456,6.446,6.446,6.426,6.375,6.365,6.355,6.355,6.355,6.345,6.335,6.325,6.315,6.315,6.275,6.295,6.285,6.275,6.275,6.265,6.265,6.265,6.255,6.245,6.235,6.235,6.215,6.185,6.185,6.185,6.185,6.175,6.175,6.175,6.165,6.155,6.155,6.155,6.155,6.155,6.155,6.155,6.155,6.155,,5.961,,,5.929
3/31/2000,6.084,6.156,6.259,6.249,6.239,6.229,6.229,6.219,6.219,6.209,6.209,6.199,6.199,,6.179,6.169,6.159,6.149,6.143,6.133,6.153,6.123,6.123,6.103,6.073,6.083,6.073,6.073,6.043,6.063,6.053,6.043,6.043,6.023,6.033,6.033,6.023,5.993,5.993,5.983,5.973,5.963,5.963,5.953,5.933,5.933,5.933,5.923,5.913,5.913,5.903,5.883,5.873,5.883,5.883,5.883,5.883,5.893,,5.684,,,5.637
4/28/2000,6.198,6.267,6.349,6.339,6.339,6.349,6.329,6.329,6.309,6.309,6.309,6.299,6.299,,6.299,6.299,6.279,6.269,6.245,6.235,6.245,6.225,6.225,6.215,6.215,6.215,6.205,6.215,6.175,6.185,6.175,6.175,6.175,6.155,6.165,6.145,6.135,6.125,6.115,6.125,6.125,6.105,6.095,6.095,6.085,6.095,6.095,6.095,6.095,6.095,6.075,6.085,6.075,6.065,6.065,6.065,6.065,6.075,,5.838,,,5.788
5/31/2000,6.312,6.375,6.462,6.452,6.452,6.452,6.442,6.432,6.422,6.422,6.412,6.412,,6.392,6.392,6.392,6.372,6.372,6.375,6.365,6.375,6.355,6.345,6.335,6.325,6.315,6.305,6.305,6.295,6.285,6.275,6.275,6.285,6.285,6.265,6.265,6.225,6.215,6.205,6.195,6.175,6.175,6.175,6.165,6.165,6.165,6.155,6.145,6.145,6.135,6.115,6.125,6.085,6.075,6.075,6.075,6.095,,5.855,,,5.785,
6/30/2000,6.202,6.236,6.267,6.267,6.267,6.277,6.267,6.267,6.257,6.247,6.247,6.227,,6.247,6.227,6.247,6.247,6.237,6.265,6.265,6.245,6.245,6.235,6.215,6.225,6.235,6.215,6.205,6.215,6.205,6.205,6.195,6.205,6.205,6.195,6.165,6.155,6.145,6.135,6.115,6.095,6.085,6.095,6.085,6.095,6.085,6.085,6.105,6.085,6.075,6.075,6.075,6.055,6.045,6.045,6.045,6.015,,5.975,5.575,,5.728,
7/31/2000,6.052,6.093,6.146,6.146,6.136,6.136,6.126,6.126,6.116,6.116,6.116,6.106,,6.106,6.086,6.086,6.086,6.096,6.084,6.094,6.084,6.084,6.074,6.064,6.064,6.074,6.064,6.044,6.074,6.054,6.054,6.044,6.074,6.074,6.074,6.034,6.024,6.014,6.014,6.004,5.964,5.964,5.954,5.944,5.954,5.944,5.944,5.964,5.944,5.934,5.924,5.914,5.914,5.904,5.914,5.914,5.914,,5.834,5.834,,5.59,
8/31/2000,5.9,5.938,5.983,5.973,5.973,5.963,5.973,5.963,5.963,5.963,5.963,,5.953,5.943,5.953,5.953,5.953,5.943,5.919,5.939,5.939,5.919,5.919,5.929,5.919,5.919,5.899,5.899,5.899,5.889,5.889,5.899,5.899,5.889,5.889,5.879,5.869,5.859,5.829,5.819,5.809,5.819,5.799,5.809,5.819,5.809,5.819,5.809,5.799,5.809,5.789,5.779,5.769,5.779,5.779,5.779,,5.769,5.551,,5.514,,
9/29/2000,6.13,6.163,6.182,6.182,6.182,6.182,6.182,6.182,6.182,6.182,6.182,,6.172,6.172,6.172,6.172,6.172,6.172,6.184,6.174,6.174,6.164,6.154,6.164,6.164,6.154,6.144,6.144,6.144,6.144,6.134,6.134,6.134,6.124,6.114,6.114,6.104,6.094,6.074,6.064,6.064,6.054,6.044,6.034,6.024,6.024,6.024,6.014,6.014,6.014,6.004,6.014,6.004,5.994,5.994,5.984,,6.004,5.994,,5.974,,
10/31/2000,6.022,6.047,6.059,6.059,6.059,6.059,6.059,6.059,6.049,6.059,6.059,,6.049,6.039,6.049,6.049,6.049,6.049,6.049,6.059,6.059,6.039,6.029,6.049,6.059,6.049,6.039,6.049,6.039,6.049,6.029,6.029,6.029,6.039,6.039,6.049,6.049,6.039,5.999,5.979,5.979,5.969,5.979,5.959,5.959,5.959,5.949,5.949,5.939,5.929,5.919,5.919,5.909,5.879,5.879,5.849,,5.889,5.889,,5.869,,
11/30/2000,5.812,5.823,5.801,5.811,5.821,5.811,5.821,5.821,5.821,5.821,,5.821,5.821,5.821,5.821,5.821,5.821,5.821,5.859,5.849,5.849,5.839,5.849,5.849,5.839,5.839,5.849,5.849,5.839,5.829,5.829,5.829,5.829,5.819,5.819,5.809,5.829,5.809,5.789,5.779,5.779,5.779,5.769,5.769,5.759,5.769,5.749,5.739,5.719,5.719,5.719,5.709,5.719,5.719,5.709,,5.719,5.709,,5.699,,,
12/29/2000,5.709,5.706,5.66,5.65,5.66,5.66,5.67,5.68,5.68,5.68,,5.69,5.68,5.71,5.71,5.71,5.71,5.71,5.765,5.765,5.755,5.755,5.755,5.775,5.755,5.755,5.775,5.765,5.755,5.755,5.745,5.735,5.745,5.735,5.715,5.725,5.735,5.725,5.705,5.695,5.685,5.695,5.685,5.685,5.685,5.665,5.685,5.665,5.665,5.645,5.625,5.615,5.585,5.585,5.535,,5.605,5.625,,5.585,,,
1/31/2001,5.801,5.802,5.737,5.747,5.757,5.767,5.777,5.787,5.787,5.807,,5.807,5.797,5.827,5.827,5.827,5.817,5.817,5.846,5.836,5.836,5.816,5.826,5.826,5.836,5.836,5.856,5.846,5.836,5.836,5.826,5.816,5.816,5.806,5.806,5.816,5.816,5.816,5.796,5.796,5.746,5.776,5.776,5.776,5.756,5.766,5.776,5.756,5.756,5.746,5.736,5.716,5.726,5.736,5.756,,5.766,5.766,,5.696,,,
2/28/2001,5.667,5.652,5.554,5.574,5.594,5.614,5.614,5.624,5.634,,5.634,5.624,5.644,5.644,5.654,5.644,5.644,5.654,5.713,5.713,5.693,5.703,5.713,5.723,5.713,5.723,5.723,5.713,5.713,5.723,5.723,5.713,5.693,5.713,5.723,5.723,5.723,5.713,5.703,5.693,5.683,5.683,5.683,5.683,5.673,5.673,5.663,5.663,5.653,5.653,5.633,5.643,5.663,5.683,,5.733,5.733,,5.623,,,5.408,
3/30/2001,5.847,5.84,5.737,5.747,5.767,5.807,5.817,5.817,5.817,,5.847,5.837,5.857,5.847,5.857,5.857,5.857,5.867,5.91,5.9,5.89,5.88,5.9,5.89,5.9,5.9,5.89,5.89,5.9,5.87,5.87,5.86,5.85,5.87,5.87,5.86,5.86,5.86,5.85,5.83,5.82,5.81,5.81,5.81,5.81,5.82,5.8,5.8,5.8,5.78,5.78,5.77,5.79,5.81,,5.86,5.86,,5.77,,,5.546,
4/30/2001,6.179,6.186,6.102,6.122,6.142,6.162,6.182,6.192,6.202,,6.212,6.202,6.222,6.222,6.212,6.212,6.222,6.232,6.22,6.2,6.19,6.2,6.23,6.22,6.22,6.2,6.22,6.21,6.21,6.18,6.19,6.17,6.18,6.17,6.17,6.17,6.16,6.15,6.15,6.12,6.11,6.13,6.13,6.13,6.13,6.11,6.1,6.11,6.11,6.09,6.08,6.07,6.09,6.1,,6.17,6.17,,6.08,,,5.849,
5/31/2001,6.228,6.225,6.142,6.172,6.182,6.202,6.212,6.222,,6.222,6.222,6.232,6.242,6.232,6.242,6.242,6.242,6.242,6.265,6.255,6.265,6.255,6.275,6.265,6.265,6.265,6.265,6.255,6.255,6.255,6.245,6.255,6.245,6.245,6.235,6.235,6.225,6.225,6.205,6.185,6.195,6.205,6.205,6.195,6.165,6.155,6.165,6.155,6.145,6.135,6.095,6.115,6.105,,6.175,6.175,,6.095,,,5.79,,
6/29/2001,6.093,6.1,6.049,6.089,6.089,6.089,6.099,6.089,,6.109,6.109,6.119,6.119,6.119,6.119,6.119,6.119,6.119,6.122,6.122,6.112,6.112,6.112,6.102,6.092,6.102,6.102,6.102,6.102,6.112,6.122,6.112,6.092,6.092,6.082,6.082,6.072,6.072,6.072,6.062,6.062,6.062,6.052,6.042,6.052,6.032,6.002,6.002,6.012,6.012,6.002,6.002,6.012,,6.042,6.042,,5.972,,,5.747,,
7/31/2001,5.834,5.822,5.737,5.757,5.807,5.797,5.797,5.797,,5.827,5.827,5.837,5.827,5.827,5.827,5.817,5.827,5.827,5.872,5.872,5.862,5.862,5.872,5.862,5.842,5.852,5.852,5.852,5.842,5.842,5.842,5.842,5.842,5.842,5.832,5.832,5.842,5.842,5.842,5.832,5.862,5.862,5.832,5.832,5.832,5.812,5.792,5.782,5.802,5.802,5.812,5.802,5.822,,5.822,5.822,,5.802,,,5.595,,
8/31/2001,5.704,5.707,5.656,5.686,5.686,5.696,5.696,,5.726,5.726,5.736,5.736,5.726,5.726,5.726,5.736,5.736,5.756,5.711,5.711,5.701,5.711,5.721,5.691,5.701,5.701,5.691,5.691,5.691,5.711,5.711,5.691,5.691,5.681,5.681,5.681,5.681,5.681,5.651,5.701,5.701,5.681,5.681,5.691,5.671,5.641,5.641,5.631,5.631,5.661,5.651,5.651,,5.641,5.671,,5.671,,,5.452,,,
9/28/2001,5.798,5.8,5.725,5.725,5.755,5.755,5.755,,5.805,5.805,5.835,5.835,5.845,5.825,5.825,5.865,5.845,5.855,5.832,5.822,5.832,5.822,5.822,5.812,5.822,5.822,5.802,5.762,5.762,5.782,5.782,5.802,5.802,5.792,5.802,5.812,5.822,5.822,5.782,5.832,5.822,5.812,5.802,5.792,5.782,5.772,5.772,5.762,5.752,5.782,5.772,5.772,,5.762,5.792,,5.792,,,5.625,,,
10/31/2001,5.337,5.355,5.289,5.329,5.339,5.349,5.359,,5.379,5.379,5.409,5.409,5.419,5.429,5.439,5.429,5.429,5.429,5.308,5.308,5.308,5.308,5.318,5.318,5.328,5.328,5.318,5.318,5.298,5.318,5.328,5.328,5.328,5.318,5.318,5.318,5.318,5.308,5.318,5.318,5.308,5.318,5.308,5.308,5.298,5.288,5.278,5.278,5.278,5.338,5.338,5.348,,5.328,5.368,,5.348,,,4.968,,,
11/30/2001,5.824,5.836,5.766,5.786,5.786,5.806,,5.826,5.806,5.866,5.836,5.846,5.856,5.846,5.856,5.866,5.846,5.856,5.897,5.877,5.867,5.897,5.877,5.867,5.877,5.867,5.837,5.817,5.847,5.847,5.857,5.857,5.847,5.847,5.847,5.847,5.817,5.827,5.797,5.797,5.807,5.797,5.767,5.757,5.737,5.687,5.697,5.697,5.817,5.687,5.757,,5.727,5.767,,5.567,,,5.3,,,,
12/31/2001,6.036,6.064,6.071,6.071,6.091,6.101,,6.091,6.071,6.111,6.111,6.111,6.101,6.081,6.071,6.051,6.061,6.061,6.086,6.066,6.056,6.066,6.066,6.056,6.056,6.046,6.026,6.006,6.026,6.026,6.016,6.006,5.996,5.996,5.986,5.986,5.976,5.986,5.966,5.956,5.976,5.956,5.936,5.926,5.916,5.906,5.916,5.876,5.926,5.856,5.896,,5.816,5.866,,5.506,,,5.509,,,,
1/31/2002,5.97,5.991,5.979,5.989,5.999,5.999,,5.999,5.999,6.009,6.019,6.019,6.019,6.019,6.029,6.039,6.029,6.029,5.974,5.984,5.974,5.984,5.974,5.974,5.974,5.994,5.954,5.934,5.954,5.954,5.964,5.964,5.954,5.954,5.944,5.934,5.934,5.934,5.904,5.904,5.914,5.904,5.894,5.884,5.844,5.844,5.844,5.824,5.874,5.834,5.834,,5.844,5.834,,5.874,,,5.475,,,,
2/28/2002,5.897,5.906,5.897,5.907,5.917,,5.907,5.907,5.917,5.917,5.917,5.917,5.917,5.917,5.937,5.927,5.917,5.907,5.905,5.895,5.895,5.895,5.895,5.905,5.925,5.895,5.875,5.895,5.895,5.895,5.905,5.895,5.895,5.895,5.875,5.885,5.885,5.845,5.845,5.855,5.865,5.855,5.845,5.805,5.815,5.815,5.785,5.855,5.835,5.825,,5.835,5.835,,5.875,,,5.506,,,,,
3/29/2002,6.271,6.285,6.299,6.309,6.309,,6.309,6.309,6.329,6.319,6.309,6.299,6.309,6.299,6.319,6.299,6.279,6.279,6.276,6.266,6.256,6.266,6.266,6.256,6.256,6.236,6.226,6.236,6.236,6.256,6.256,6.246,6.246,6.236,6.226,6.226,6.226,6.206,6.196,6.196,6.216,6.206,6.186,6.166,6.196,6.196,6.166,6.206,6.196,6.186,,6.196,6.186,,6.226,,,5.858,,,,,
4/30/2002,6,6.006,5.981,5.991,5.991,,6.011,6.021,6.021,6.021,6.021,6.021,6.031,6.031,6.041,6.031,6.031,6.031,6.005,6.005,5.995,6.005,6.005,5.995,5.995,5.975,5.965,5.985,5.985,6.005,6.005,5.995,5.995,5.985,5.975,5.975,5.975,5.975,5.965,5.975,5.975,5.975,5.955,5.945,5.965,5.955,5.925,5.945,5.945,5.945,,5.945,5.925,,5.895,,,5.726,,,,,
5/31/2002,6.053,6.05,6.005,6.015,,6.025,6.035,6.035,6.045,6.055,6.045,6.055,6.065,6.075,6.065,6.065,6.085,6.075,6.069,6.059,6.069,6.069,6.069,6.069,6.059,6.059,6.059,6.059,6.069,6.079,6.069,6.069,6.059,6.049,6.059,6.059,6.049,6.049,6.049,6.049,6.039,6.019,6.029,6.039,6.029,5.999,6.029,6.029,6.009,,6.029,6.009,,5.989,,,5.773,,,,,,
6/28/2002,5.989,5.981,5.895,5.905,,5.945,5.945,5.965,5.965,5.975,5.955,5.975,5.995,6.005,6.005,6.005,6.015,6.015,6.02,6,6.02,6.02,6.02,6.01,6.01,6.02,6,6,6.02,6.02,6.02,6.02,6.02,6.01,6.04,6.04,6.02,6.02,6.02,6.02,6,5.99,5.98,6,5.99,5.97,6.01,5.99,5.98,,6,5.98,,5.96,,,5.725,,,,,,
7/31/2002,5.81,5.801,5.661,5.691,,5.721,5.721,5.741,5.761,5.771,5.771,5.791,5.811,5.821,5.821,5.821,5.841,5.851,5.876,5.876,5.886,5.886,5.886,5.896,5.896,5.886,5.876,5.876,5.886,5.876,5.876,5.896,5.886,5.876,5.876,5.876,5.866,5.866,5.886,5.876,5.856,5.836,5.836,5.846,5.836,5.816,5.876,5.856,5.866,,5.866,5.856,,5.816,,,5.571,,,,,,
8/30/2002,5.424,5.422,5.286,,5.326,5.346,5.366,5.376,5.386,5.406,5.416,5.436,5.436,5.456,5.466,5.476,5.486,5.476,5.452,5.472,5.472,5.472,5.472,5.482,5.472,5.492,5.492,5.472,5.472,5.472,5.482,5.482,5.472,5.502,5.502,5.472,5.482,5.482,5.492,5.472,5.462,5.452,5.442,5.442,5.412,5.452,5.432,5.422,,5.442,5.432,,5.392,,,5.154,,,,,,,
9/30/2002,5.133,5.12,4.913,,4.963,5.003,5.013,5.033,5.053,5.063,5.083,5.103,5.123,5.123,5.123,5.143,5.163,5.163,5.224,5.244,5.244,5.254,5.244,5.264,5.264,5.264,5.264,5.264,5.264,5.254,5.254,5.264,5.264,5.264,5.264,5.254,5.254,5.244,5.244,5.234,5.224,5.214,5.204,5.194,5.174,5.204,5.204,5.194,,5.224,5.204,,5.194,,,4.964,,,,,,,
10/31/2002,5.519,5.516,5.333,,5.379,5.413,5.423,5.44,5.454,5.482,5.504,5.52,5.52,5.535,5.518,5.563,5.582,5.577,5.586,5.585,5.58,5.592,5.596,5.593,5.602,5.594,5.6,5.633,5.638,5.633,5.623,5.625,5.628,5.622,5.617,5.646,5.643,5.636,5.63,5.632,5.633,5.612,5.592,5.585,5.571,5.622,5.632,5.636,5.635,5.665,5.654,5.466,5.622,5.424,,5.382,,,,,,,
11/29/2002,5.582,5.601,,5.473,5.517,5.517,5.539,5.542,5.575,5.588,5.609,5.613,5.616,5.616,5.642,5.644,5.648,5.657,5.653,5.644,5.654,5.664,5.664,5.67,5.672,5.684,5.683,5.679,5.673,5.67,5.664,5.665,5.666,5.668,5.626,5.624,5.61,5.61,5.576,5.575,5.558,5.554,5.559,5.543,5.577,5.597,5.62,5.617,5.645,5.633,5.4,5.608,5.346,,5.291,,,,,,,,
12/31/2002,5.291,5.292,,5.123,5.156,5.171,5.192,5.201,5.225,5.244,5.275,5.285,5.297,5.3,5.335,5.337,5.344,5.357,5.358,5.352,5.365,5.375,5.39,5.399,5.391,5.407,5.401,5.401,5.398,5.397,5.396,5.4,5.413,5.418,5.424,5.425,5.426,5.422,5.397,5.398,5.39,5.369,5.368,5.362,5.358,5.35,5.354,5.353,5.354,5.343,5.202,5.351,5.151,,5.099,,,,,,,,
1/31/2003,5.323,5.329,,5.17,5.201,5.211,5.237,5.254,5.273,5.292,5.308,5.32,5.333,5.33,5.371,5.382,5.38,5.391,5.396,5.391,5.403,5.402,5.414,5.425,5.435,5.45,5.426,5.425,5.421,5.42,5.439,5.441,5.444,5.449,5.437,5.438,5.437,5.44,5.413,5.413,5.402,5.379,5.378,5.392,5.388,5.35,5.354,5.342,5.367,5.355,5.205,5.37,5.148,,5.09,,,,,,,,
2/28/2003,5.106,5.099,4.9,4.934,4.95,4.985,5.008,5.03,5.052,5.077,5.081,5.102,5.101,5.145,5.15,5.158,5.18,5.178,5.175,5.19,5.19,5.215,5.229,5.213,5.235,5.216,5.217,5.216,5.217,5.236,5.241,5.245,5.252,5.232,5.235,5.242,5.247,5.224,5.226,5.215,5.266,5.266,5.282,5.222,5.185,5.195,5.185,5.211,5.201,5.095,5.208,5.052,,5.008,,,,,,,,,
3/31/2003,5.285,5.273,5.06,5.095,5.112,5.149,5.176,5.194,5.217,5.223,5.248,5.267,5.284,5.299,5.321,5.337,5.349,5.357,5.364,5.379,5.392,5.391,5.4,5.386,5.409,5.418,5.42,5.419,5.425,5.43,5.435,5.432,5.439,5.43,5.433,5.434,5.435,5.432,5.43,5.412,5.456,5.454,5.47,5.465,5.443,5.433,5.422,5.446,5.446,5.27,5.432,5.225,,5.18,,,,,,,,,
4/30/2003,5.181,5.17,4.983,5.001,5.022,5.059,5.077,5.1,5.111,5.118,5.147,5.175,5.181,5.184,5.207,5.218,5.227,5.257,5.261,5.271,5.286,5.283,5.283,5.286,5.306,5.309,5.31,5.314,5.319,5.319,5.323,5.31,5.308,5.317,5.317,5.322,5.322,5.328,5.309,5.315,5.318,5.323,5.323,5.303,5.293,5.317,5.307,5.324,5.323,5.181,5.291,5.138,,5.093,,,,,,,,,
5/30/2003,4.737,4.715,4.517,4.533,4.563,4.586,4.605,4.609,4.616,4.646,4.691,4.702,4.718,4.745,4.765,4.762,4.803,4.809,4.823,4.816,4.832,4.835,4.843,4.866,4.866,4.87,4.871,4.878,4.879,4.883,4.873,4.901,4.89,4.897,4.901,4.896,4.935,4.92,4.925,4.935,4.952,4.954,4.929,4.926,4.972,4.963,4.974,4.974,4.777,4.951,4.736,,4.695,,,,,,,,,,
6/30/2003,4.932,4.902,4.693,4.706,4.732,4.754,4.791,4.809,4.805,4.832,4.862,4.872,4.875,4.912,4.931,4.939,4.974,4.98,4.993,4.998,5.026,5.029,5.018,5.041,5.067,5.07,5.072,5.084,5.087,5.096,5.099,5.102,5.105,5.112,5.117,5.129,5.122,5.122,5.127,5.109,5.136,5.137,5.121,5.113,5.124,5.114,5.135,5.135,5.012,5.122,4.978,,4.944,,,,,,,,,,
7/31/2003,5.871,5.872,5.719,5.751,5.76,5.798,5.803,5.821,5.812,5.831,5.863,5.881,5.893,5.909,5.928,5.921,5.942,5.943,5.957,5.965,5.948,5.946,5.943,5.965,5.97,5.97,5.963,5.981,5.944,5.949,5.944,5.954,5.95,5.949,5.978,5.95,5.959,5.958,5.948,5.961,5.962,5.961,5.931,5.922,5.917,5.906,5.889,5.891,5.899,5.868,5.844,,5.835,,,,,,,,,,
8/29/2003,5.694,5.705,5.577,5.594,5.624,5.641,5.666,5.649,5.669,5.688,5.686,5.708,5.725,5.721,5.726,5.77,5.771,5.785,5.78,5.785,5.782,5.78,5.777,5.8,5.795,5.79,5.796,5.786,5.783,5.786,5.796,5.759,5.76,5.773,5.773,5.747,5.746,5.749,5.746,5.772,5.772,5.707,5.707,5.692,5.681,5.684,5.685,5.682,5.685,5.627,,5.615,,,,,,,,,,,
9/30/2003,5.303,5.29,5.122,5.145,5.145,5.183,5.204,5.208,5.232,5.251,5.265,5.278,5.3,5.316,5.331,5.345,5.357,5.367,5.378,5.395,5.396,5.4,5.413,5.407,5.41,5.411,5.421,5.427,5.433,5.444,5.447,5.423,5.423,5.443,5.447,5.439,5.441,5.444,5.437,5.455,5.457,5.404,5.401,5.385,5.376,5.394,5.397,5.379,5.356,5.346,,5.338,,,,,,,,,,,
10/31/2003,5.573,5.568,5.409,5.43,5.447,5.468,5.486,5.503,5.518,5.535,5.543,5.575,5.58,5.602,5.607,5.631,5.638,5.648,5.655,5.661,5.659,5.664,5.675,5.675,5.675,5.674,5.684,5.7,5.71,5.702,5.71,5.701,5.693,5.698,5.695,5.679,5.678,5.678,5.664,5.655,5.663,5.637,5.632,5.614,5.603,5.619,5.62,5.572,5.538,5.526,,5.514,,,,,,,,,,,
11/28/2003,5.557,5.554,5.421,5.437,5.451,5.47,5.501,5.502,5.51,5.518,5.542,5.543,5.563,5.579,5.59,5.598,5.607,5.615,5.624,5.623,5.625,5.641,5.648,5.649,5.648,5.659,5.671,5.682,5.678,5.688,5.675,5.665,5.67,5.669,5.659,5.654,5.655,5.647,5.64,5.633,5.632,5.623,5.604,5.594,5.601,5.589,5.555,5.578,5.486,,5.476,,,,,,,,,,,,
12/31/2003,5.482,5.482,5.335,5.359,5.375,5.395,5.415,5.415,5.438,5.464,5.464,5.469,5.484,5.495,5.523,5.532,5.542,5.56,5.562,5.562,5.565,5.583,5.579,5.581,5.582,5.594,5.605,5.602,5.606,5.617,5.622,5.613,5.619,5.612,5.596,5.605,5.61,5.601,5.595,5.589,5.594,5.576,5.555,5.546,5.547,5.546,5.541,5.534,5.444,,5.446,,,,,,,,,,,,
1/30/2004,5.342,5.337,5.176,5.2,5.217,5.238,5.258,5.259,5.286,5.309,5.326,5.332,5.352,5.357,5.386,5.395,5.402,5.415,5.423,5.421,5.426,5.443,5.439,5.446,5.444,5.457,5.469,5.467,5.463,5.474,5.485,5.477,5.485,5.477,5.462,5.472,5.478,5.469,5.467,5.461,5.467,5.445,5.43,5.422,5.424,5.423,5.423,5.416,5.327,,5.33,,,,,,,,,,,,
2/27/2004,5.216,5.201,5.047,5.063,5.085,5.108,5.118,5.14,5.162,5.165,5.182,5.203,5.219,5.237,5.247,5.251,5.265,5.281,5.272,5.279,5.296,5.296,5.303,5.302,5.319,5.324,5.323,5.322,5.334,5.325,5.317,5.326,5.307,5.32,5.33,5.336,5.326,5.339,5.338,5.344,5.322,5.323,5.315,5.323,5.322,5.323,5.317,5.228,,5.233,,,,,,,,,,,,,
3/31/2004,5.14,5.119,4.936,4.954,4.978,5.007,5.018,5.045,5.069,5.066,5.091,5.117,5.133,5.157,5.174,5.183,5.197,5.205,5.205,5.211,5.22,5.233,5.239,5.24,5.245,5.269,5.271,5.271,5.273,5.284,5.278,5.289,5.281,5.285,5.295,5.301,5.293,5.292,5.293,5.291,5.272,5.26,5.255,5.262,5.265,5.28,5.277,5.191,,5.2,,,,,,,,,,,,,
4/30/2004,5.663,5.658,5.528,5.535,5.551,5.579,5.587,5.609,5.628,5.631,5.64,5.653,5.662,5.688,5.701,5.704,5.715,5.726,5.729,5.726,5.734,5.749,5.751,5.757,5.752,5.757,5.761,5.763,5.764,5.778,5.765,5.771,5.759,5.736,5.751,5.752,5.742,5.752,5.757,5.75,5.727,5.719,5.709,5.71,5.708,5.712,5.724,5.633,,5.633,,,,,,,,,,,,,
5/31/2004,5.711,5.719,5.622,5.641,5.653,5.659,5.678,5.685,5.698,5.706,5.711,5.716,5.735,5.751,5.753,5.754,5.757,5.76,5.765,5.771,5.786,5.791,5.789,5.786,5.786,5.793,5.793,5.791,5.796,5.798,5.787,5.783,5.766,5.769,5.771,5.764,5.752,5.753,5.738,5.715,5.719,5.708,5.711,5.706,5.798,5.695,5.707,,5.703,,,,,,,,,,,,,,
6/30/2004,5.653,5.661,5.56,5.579,5.588,5.593,5.618,5.626,5.64,5.65,5.652,5.651,5.679,5.69,5.699,5.701,5.698,5.702,5.71,5.717,5.726,5.732,5.732,5.729,5.729,5.737,5.74,5.74,5.757,5.76,5.745,5.74,5.718,5.722,5.719,5.716,5.705,5.708,5.695,5.673,5.678,5.667,5.672,5.664,5.78,5.68,5.693,,5.692,,,,,,,,,,,,,,
7/30/2004,5.543,5.544,5.424,5.445,5.45,5.465,5.484,5.496,5.521,5.535,5.538,5.539,5.558,5.58,5.582,5.59,5.592,5.598,5.604,5.611,5.618,5.625,5.626,5.626,5.621,5.626,5.629,5.63,5.649,5.66,5.655,5.644,5.624,5.63,5.621,5.621,5.611,5.612,5.607,5.593,5.584,5.576,5.575,5.568,5.702,5.61,5.625,,5.628,,,,,,,,,,,,,,
8/31/2004,5.252,5.247,5.113,5.118,5.139,5.157,5.18,5.204,5.214,5.222,5.235,5.245,5.263,5.279,5.29,5.3,5.307,5.309,5.322,5.328,5.332,5.334,5.336,5.343,5.351,5.355,5.362,5.367,5.371,5.377,5.372,5.355,5.368,5.361,5.359,5.352,5.345,5.349,5.338,5.332,5.326,5.331,5.325,5.457,5.377,5.395,,5.403,,,,,,,,,,,,,,,
9/30/2004,5.176,5.174,5.048,5.054,5.074,5.089,5.108,5.127,5.136,5.154,5.162,5.179,5.196,5.209,5.21,5.222,5.231,5.236,5.248,5.246,5.249,5.248,5.259,5.263,5.267,5.265,5.272,5.288,5.292,5.303,5.29,5.277,5.29,5.278,5.278,5.27,5.263,5.271,5.261,5.257,5.251,5.26,5.254,5.381,5.285,5.302,,5.31,,,,,,,,,,,,,,,
10/29/2004,5.072,5.07,4.941,4.945,4.967,4.982,4.999,5.024,5.037,5.056,5.06,5.077,5.092,5.099,5.105,5.121,5.129,5.129,5.139,5.138,5.142,5.141,5.154,5.162,5.167,5.163,5.169,5.185,5.189,5.195,5.185,5.175,5.185,5.175,5.173,5.165,5.161,5.169,5.16,5.157,5.15,5.155,5.149,5.276,5.176,5.193,,5.201,,,,,,,,,,,,,,,
11/30/2004,5.293,5.299,5.178,5.189,5.204,5.221,5.251,5.261,5.282,5.289,5.304,5.319,5.317,5.325,5.335,5.349,5.346,5.355,5.358,5.362,5.361,5.374,5.366,5.376,5.371,5.381,5.398,5.395,5.407,5.392,5.383,5.392,5.385,5.381,5.367,5.366,5.374,5.368,5.362,5.354,5.356,5.349,5.467,5.367,5.383,,5.387,,,,,,,,,,,,,,,,
12/31/2004,5.083,5.092,4.985,4.997,5.012,5.021,5.043,5.056,5.072,5.077,5.083,5.097,5.104,5.114,5.129,5.144,5.139,5.149,5.146,5.15,5.152,5.153,5.152,5.161,5.162,5.171,5.183,5.18,5.189,5.17,5.167,5.176,5.165,5.163,5.149,5.151,5.159,5.149,5.144,5.137,5.132,5.125,5.251,5.124,5.191,,5.196,,,,,,,,,,,,,,,,
1/31/2005,4.808,4.821,4.733,4.736,4.76,4.771,4.782,4.801,4.81,4.814,4.818,4.832,4.822,4.846,4.854,4.872,4.862,4.873,4.873,4.871,4.871,4.87,4.864,4.872,4.868,4.881,4.889,4.888,4.873,4.867,4.863,4.863,4.864,4.851,4.845,4.843,4.851,4.842,4.838,4.83,4.816,4.808,4.951,4.799,4.874,,4.876,,,,,,,,,,,,,,,,
2/28/2005,4.927,4.947,4.885,4.905,4.905,4.913,4.931,4.938,4.938,4.948,4.952,4.958,4.972,4.978,4.981,4.983,4.988,4.986,4.986,4.984,4.98,4.971,4.98,4.975,4.984,4.98,4.99,4.967,4.963,4.952,4.951,4.952,4.941,4.933,4.928,4.933,4.93,4.923,4.913,4.898,4.898,4.948,4.864,4.862,,4.861,,,,,,,,,,,,,,,,,
3/31/2005,5.005,5.027,4.994,5.002,5.01,5.014,5.027,5.026,5.025,5.028,5.033,5.03,5.044,5.051,5.057,5.053,5.059,5.052,5.044,5.044,5.045,5.035,5.046,5.036,5.042,5.042,5.053,5.031,5.026,5.016,5.012,5.014,5.001,4.997,4.994,4.997,4.998,4.995,4.983,4.962,4.96,5.009,4.917,4.893,,4.89,,,,,,,,,,,,,,,,,
4/29/2005,4.736,4.754,4.704,4.709,4.723,4.726,4.745,4.748,4.752,4.754,4.764,4.754,4.77,4.778,4.78,4.777,4.783,4.782,4.78,4.781,4.788,4.781,4.784,4.778,4.782,4.783,4.779,4.778,4.772,4.765,4.764,4.763,4.754,4.746,4.738,4.744,4.747,4.744,4.735,4.716,4.717,4.768,4.7,4.678,,4.679,,,,,,,,,,,,,,,,,
5/31/2005,4.505,4.521,4.464,4.477,4.476,4.49,4.497,4.504,4.506,4.515,4.509,4.53,4.531,4.542,4.545,4.551,4.551,4.553,4.551,4.559,4.558,4.566,4.555,4.559,4.561,4.566,4.564,4.555,4.547,4.546,4.546,4.537,4.53,4.533,4.54,4.54,4.542,4.534,4.516,4.518,4.57,4.487,4.466,,4.47,,,,,,,,,,,,,,,,,,
6/30/2005,4.373,4.393,4.356,4.355,4.354,4.372,4.379,4.383,4.381,4.39,4.381,4.409,4.399,4.417,4.42,4.425,4.426,4.429,4.426,4.428,4.42,4.423,4.415,4.415,4.418,4.423,4.416,4.407,4.391,4.398,4.39,4.383,4.376,4.377,4.383,4.38,4.362,4.373,4.346,4.347,4.399,4.344,4.323,,4.325,,,,,,,,,,,,,,,,,,
7/29/2005,4.626,4.651,4.633,4.637,4.634,4.645,4.651,4.655,4.651,4.658,4.639,4.663,4.659,4.675,4.676,4.677,4.678,4.675,4.674,4.678,4.669,4.671,4.665,4.668,4.654,4.658,4.646,4.642,4.623,4.628,4.62,4.619,4.609,4.605,4.609,4.608,4.589,4.598,4.567,4.566,4.615,4.544,4.52,,4.517,,,,,,,,,,,,,,,,,,
8/31/2005,4.396,4.414,4.393,4.382,4.397,4.404,4.412,4.409,4.411,4.398,4.424,4.416,4.432,4.435,4.437,4.436,4.437,4.446,4.436,4.437,4.44,4.43,4.434,4.418,4.425,4.424,4.417,4.407,4.41,4.409,4.401,4.393,4.399,4.404,4.378,4.367,4.397,4.356,4.374,4.346,4.332,4.253,,4.253,,,,,,,,,,,,,,,,,,,
9/30/2005,4.699,4.718,4.691,4.692,4.715,4.718,4.718,4.715,4.717,4.706,4.731,4.713,4.735,4.732,4.736,4.732,4.736,4.738,4.743,4.739,4.737,4.735,4.738,4.72,4.723,4.729,4.721,4.705,4.708,4.708,4.699,4.69,4.7,4.704,4.676,4.668,4.697,4.659,4.677,4.648,4.628,4.548,,4.547,,,,,,,,,,,,,,,,,,,
10/31/2005,4.895,4.917,4.913,4.915,4.92,4.925,4.922,4.917,4.918,4.906,4.929,4.914,4.936,4.929,4.933,4.928,4.931,4.934,4.931,4.926,4.927,4.923,4.923,4.908,4.915,4.919,4.905,4.892,4.894,4.895,4.883,4.878,4.881,4.859,4.855,4.846,4.855,4.836,4.849,4.822,4.794,4.705,,4.701,,,,,,,,,,,,,,,,,,,
11/30/2005,4.877,4.899,4.9,4.907,4.91,4.917,4.908,4.909,4.887,4.912,4.896,4.901,4.901,4.904,4.902,4.907,4.904,4.907,4.903,4.903,4.899,4.899,4.886,4.893,4.897,4.885,4.878,4.882,4.877,4.864,4.859,4.868,4.841,4.84,4.833,4.842,4.818,4.827,4.805,4.778,4.625,,4.622,,,,,,,,,,,,,,,,,,,,
12/30/2005,4.658,4.679,4.669,4.679,4.689,4.689,4.679,4.689,4.659,4.689,4.679,4.689,4.689,4.689,4.689,4.699,4.689,4.689,4.683,4.693,4.683,4.683,4.673,4.673,4.683,4.673,4.663,4.663,4.663,4.653,4.643,4.663,4.633,4.623,4.623,4.623,4.613,4.613,4.603,4.583,4.493,,4.483,,,,,,,,,,,,,,,,,,,,
1/31/2006,4.788,4.806,4.805,4.819,4.813,4.821,4.807,4.81,4.785,4.816,4.804,4.808,4.811,4.814,4.81,4.815,4.813,4.816,4.807,4.808,4.806,4.81,4.795,4.799,4.801,4.795,4.791,4.798,4.788,4.782,4.782,4.791,4.765,4.757,4.745,4.756,4.746,4.753,4.725,4.71,4.63,,4.625,,,,,,,,,,,,,,,,,,,,
2/28/2006,4.701,4.725,4.759,4.751,4.751,4.735,4.736,4.717,4.753,4.74,4.739,4.733,4.735,4.729,4.732,4.728,4.731,4.717,4.716,4.71,4.712,4.699,4.701,4.7,4.695,4.683,4.688,4.687,4.678,4.676,4.681,4.653,4.656,4.64,4.644,4.625,4.636,4.606,4.583,4.488,,4.479,,4.471,,4.463,,4.455,,4.447,,4.439,,4.431,,4.422,,4.42,,4.4,,,
3/31/2006,5.115,5.136,5.159,5.154,5.152,5.139,5.142,5.099,5.157,5.15,5.151,5.142,5.145,5.141,5.145,5.142,5.148,5.144,5.149,5.138,5.141,5.118,5.122,5.128,5.118,5.105,5.107,5.108,5.1,5.099,5.101,5.074,5.074,5.059,5.065,5.053,5.065,5.035,5.01,4.918,,4.912,,4.907,,4.903,,4.899,,4.895,,4.892,,4.888,,4.884,,4.876,,4.859,,4.633,
4/28/2006,5.38,5.398,5.412,5.404,5.41,5.392,5.397,5.393,5.41,5.403,5.404,5.397,5.401,5.403,5.406,5.41,5.414,5.409,5.411,5.406,5.402,5.393,5.394,5.397,5.388,5.383,5.383,5.377,5.362,5.355,5.355,5.352,5.346,5.343,5.343,5.35,5.339,5.34,5.28,5.225,,5.221,,5.217,,5.215,,5.213,,5.211,,5.209,,5.207,,5.205,,5.197,,5.181,,4.956,
5/31/2006,5.407,5.428,5.444,5.452,5.434,5.436,5.436,5.453,5.447,5.446,5.442,5.445,5.443,5.443,5.444,5.445,5.431,5.442,5.432,5.426,5.388,5.413,5.41,5.406,5.397,5.398,5.39,5.354,5.349,5.363,5.363,5.352,5.34,5.353,5.343,5.339,5.194,5.28,5.121,,5.117,,5.074,,5.071,,5.069,,5.106,,5.064,,5.062,,5.099,,5.092,,5.076,,4.851,,
6/30/2006,5.347,5.371,5.399,5.406,5.386,5.387,5.391,5.402,5.389,5.388,5.381,5.384,5.385,5.383,5.382,5.382,5.374,5.377,5.367,5.365,5.35,5.344,5.344,5.339,5.33,5.326,5.324,5.31,5.285,5.293,5.298,5.286,5.279,5.284,5.272,5.276,5.163,5.203,5.089,,5.085,,5.043,,5.04,,5.038,,5.074,,5.034,,5.031,,5.067,,5.059,,5.043,,4.819,,
7/31/2006,5.221,5.239,5.262,5.264,5.242,5.244,5.25,5.255,5.252,5.249,5.249,5.247,5.256,5.255,5.253,5.253,5.247,5.248,5.241,5.235,5.224,5.221,5.23,5.222,5.212,5.214,5.203,5.195,5.17,5.181,5.184,5.175,5.165,5.168,5.165,5.167,5.183,5.103,5.109,,5.105,,5.063,,5.06,,5.058,,5.094,,5.053,,5.051,,5.087,,5.079,,5.063,,4.839,,
8/31/2006,5.008,5.032,5.052,5.038,5.038,5.035,5.048,5.057,5.048,5.042,5.041,5.04,5.048,5.04,5.043,5.045,5.04,5.031,5.031,5.025,5.017,5.024,5.015,5.007,5.005,4.999,4.991,4.964,4.981,4.98,4.964,4.958,4.96,4.966,4.968,5.063,4.916,4.979,,4.964,,4.948,,4.926,,4.916,,4.959,,4.928,,4.928,,4.943,,4.944,,4.924,,4.733,,,
9/29/2006,4.883,4.903,4.92,4.905,4.909,4.909,4.922,4.923,4.916,4.914,4.915,4.912,4.913,4.916,4.912,4.91,4.912,4.905,4.905,4.897,4.897,4.904,4.881,4.879,4.88,4.882,4.876,4.852,4.857,4.861,4.852,4.835,4.843,4.846,4.84,4.926,4.818,4.843,,4.829,,4.813,,4.793,,4.782,,4.823,,4.792,,4.793,,4.81,,4.81,,4.788,,4.577,,,
10/31/2006,4.853,4.875,4.899,4.882,4.884,4.888,4.892,4.895,4.888,4.891,4.886,4.89,4.892,4.893,4.896,4.895,4.891,4.886,4.883,4.874,4.871,4.877,4.865,4.856,4.857,4.851,4.842,4.822,4.828,4.827,4.82,4.806,4.803,4.812,4.799,4.802,4.782,4.802,,4.771,,4.769,,4.751,,4.746,,4.73,,4.732,,4.732,,4.728,,4.721,,4.707,,4.686,,,
11/30/2006,4.694,4.72,4.723,4.725,4.741,4.741,4.749,4.737,4.746,4.742,4.737,4.739,4.74,4.747,4.754,4.74,4.746,4.733,4.737,4.722,4.735,4.724,4.715,4.71,4.708,4.701,4.674,4.68,4.677,4.672,4.654,4.649,4.649,4.644,4.646,4.615,4.645,,4.621,,4.604,,4.586,,4.575,,4.564,,4.545,,4.537,,4.531,,4.524,,4.517,,4.509,,,,
12/29/2006,4.931,4.964,4.99,4.987,4.993,4.992,4.997,4.985,4.989,4.989,4.987,4.992,4.992,4.986,4.985,4.983,4.979,4.972,4.974,4.959,4.973,4.966,4.951,4.951,4.945,4.931,4.912,4.919,4.924,4.914,4.903,4.9,4.903,4.89,4.893,4.864,4.892,,4.869,,4.857,,4.835,,4.829,,4.804,,4.796,,4.788,,4.783,,4.773,,4.769,,4.766,,,,
1/31/2007,5.042,5.072,5.104,5.101,5.111,5.114,5.104,5.093,5.099,5.097,5.101,5.101,5.1,5.096,5.097,5.092,5.088,5.086,5.078,5.077,5.078,5.075,5.065,5.057,5.053,5.046,5.025,5.026,5.027,5.021,5.003,5.005,5.006,4.988,4.973,4.963,4.968,,4.958,,4.936,,4.908,,4.896,,4.891,,4.883,,4.881,,4.868,,4.851,,4.846,,4.836,,,,
2/28/2007,4.809,4.835,4.857,4.858,4.859,4.86,4.855,4.858,4.854,4.855,4.86,4.864,4.862,4.864,4.855,4.853,4.854,4.844,4.841,4.844,4.844,4.838,4.839,4.822,4.811,4.807,4.806,4.806,4.8,4.785,4.78,4.782,4.764,4.751,4.728,4.753,,4.708,,4.698,,4.676,,4.669,,4.659,,4.653,,4.631,,4.629,,4.629,,4.63,,4.625,,4.559,,4.625,
3/30/2007,4.983,5.007,5.03,5.031,5.038,5.022,5.02,5.017,5.021,5.036,5.037,5.037,5.032,5.034,5.029,5.025,5.021,5.015,5.013,5.018,5.017,5.01,5.009,4.999,4.994,4.985,4.983,4.982,4.975,4.972,4.957,4.962,4.94,4.931,4.918,4.92,,4.898,,4.895,,4.882,,4.875,,4.865,,4.862,,4.848,,4.845,,4.844,,4.843,,4.842,,4.828,,4.825,
4/30/2007,4.948,4.966,4.985,4.982,4.977,4.985,4.977,4.98,4.977,4.986,4.985,4.99,4.997,5.001,4.998,4.994,4.988,4.982,4.979,4.99,4.983,4.982,4.971,4.969,4.958,4.95,4.949,4.949,4.946,4.935,4.921,4.934,4.907,4.901,4.89,4.89,,4.873,,4.863,,4.855,,4.846,,4.83,,4.825,,4.804,,4.796,,4.788,,4.781,,4.775,,4.761,,4.794,
5/31/2007,5.13,5.154,5.195,5.19,5.195,5.184,5.183,5.184,5.19,5.187,5.193,5.189,5.184,5.182,5.178,5.182,5.169,5.168,5.168,5.165,5.162,5.151,5.15,5.135,5.125,5.119,5.119,5.115,5.106,5.096,5.097,5.081,5.075,5.056,5.06,,5.021,,5.02,,5.003,,4.985,,4.974,,4.969,,4.961,,4.953,,4.945,,4.935,,4.929,,4.939,,4.94,,
6/29/2007,5.242,5.267,5.308,5.307,5.301,5.293,5.287,5.296,5.297,5.302,5.307,5.3,5.308,5.302,5.296,5.301,5.286,5.283,5.283,5.273,5.27,5.262,5.258,5.237,5.229,5.222,5.226,5.215,5.214,5.191,5.203,5.179,5.174,5.16,5.155,,5.145,,5.133,,5.121,,5.103,,5.097,,5.096,,5.093,,5.086,,5.083,,5.079,,5.074,,5.068,,5.058,,
7/31/2007,5.055,5.084,5.122,5.126,5.114,5.114,5.12,5.127,5.128,5.129,5.133,5.123,5.127,5.124,5.111,5.11,5.102,5.097,5.1,5.09,5.087,5.079,5.073,5.055,5.047,5.039,5.039,5.032,5.023,5.01,5.015,4.995,4.986,4.963,4.956,,4.943,,4.95,,4.934,,4.913,,4.902,,4.897,,4.891,,4.881,,4.874,,4.866,,4.857,,4.854,,4.852,,
8/31/2007,4.965,4.982,5.003,4.981,5.003,4.986,5.004,4.995,5.008,5.003,5.015,5.028,5.022,5.026,5.011,5,4.997,5.018,4.998,4.995,4.988,4.988,4.974,4.962,4.955,4.947,4.94,4.946,4.917,4.943,4.902,4.914,4.927,4.884,4.816,4.885,4.821,4.918,4.822,4.902,4.798,4.88,4.805,4.87,4.803,4.865,4.806,4.858,4.809,4.848,4.807,4.841,4.807,4.834,4.805,4.824,4.811,4.813,4.816,4.807,4.813,,
9/28/2007,4.978,5.002,5.034,5.017,5.034,5.039,5.035,5.048,5.039,5.056,5.043,5.038,5.05,5.032,5.039,5.017,5.025,5.025,4.995,5.008,4.985,5.006,4.983,4.86,4.964,4.978,4.961,4.957,4.939,4.95,4.923,4.922,4.907,4.891,4.818,4.913,4.824,4.961,4.825,4.94,4.801,4.913,4.808,4.898,4.807,4.888,4.81,4.876,4.813,4.861,4.812,4.849,4.812,4.837,4.811,4.822,4.818,4.811,4.823,4.814,4.82,,
10/31/2007,4.892,4.914,4.941,4.923,4.931,4.934,4.941,4.944,4.943,4.944,4.953,4.953,4.953,4.941,4.943,4.93,4.928,4.942,4.93,4.929,4.92,4.919,4.912,4.889,4.892,4.886,4.871,4.868,4.868,4.866,4.853,4.836,4.835,4.836,4.826,4.828,4.834,4.836,4.838,4.836,4.838,4.831,4.829,4.826,4.83,4.816,4.816,4.803,4.803,4.788,4.775,4.776,4.778,4.773,4.78,4.782,4.771,4.769,4.759,4.761,4.763,,
11/30/2007,4.571,4.59,4.591,4.59,4.588,4.601,4.603,4.618,4.613,4.621,4.632,4.631,4.638,4.631,4.624,4.626,4.646,4.634,4.627,4.624,4.616,4.609,4.586,4.589,4.57,4.555,4.561,4.543,4.557,4.548,4.547,4.526,4.53,4.501,4.493,4.497,4.492,4.501,4.492,4.501,4.487,4.491,4.482,4.493,4.472,4.479,4.46,4.466,4.445,4.437,4.432,4.441,4.43,4.443,4.441,4.433,4.428,4.422,4.422,4.413,,,
12/31/2007,4.637,4.666,4.682,4.666,4.681,4.676,4.701,4.689,4.691,4.701,4.735,4.721,4.732,4.722,4.711,4.706,4.715,4.687,4.686,4.677,4.68,4.665,4.65,4.645,4.636,4.625,4.641,4.623,4.615,4.608,4.586,4.575,4.585,4.565,4.574,4.574,4.561,4.558,4.561,4.558,4.556,4.549,4.551,4.55,4.541,4.537,4.529,4.523,4.534,4.535,4.541,4.538,4.539,4.54,4.506,4.531,4.494,4.519,4.485,4.488,,,
1/31/2008,4.573,4.576,4.515,4.515,4.51,4.535,4.54,4.548,4.55,4.567,4.585,4.577,4.599,4.587,4.615,4.592,4.61,4.634,4.654,4.624,4.647,4.646,4.617,4.626,4.621,4.609,4.621,4.606,4.611,4.592,4.582,4.59,4.581,4.581,4.581,4.59,4.588,4.594,4.588,4.594,4.583,4.584,4.578,4.585,4.568,4.572,4.556,4.559,4.541,4.53,4.528,4.534,4.526,4.536,4.514,4.526,4.502,4.515,4.486,4.487,,,
2/29/2008,4.647,4.654,4.569,4.555,4.589,4.595,4.611,4.616,4.635,4.629,4.635,4.653,4.655,4.677,4.67,4.686,4.69,4.7,4.69,4.708,4.716,4.688,4.706,4.692,4.685,4.69,4.692,4.704,4.687,4.685,4.69,4.694,4.691,4.669,4.71,4.687,4.724,4.697,4.734,4.702,4.734,4.707,4.745,4.707,4.742,4.704,4.739,4.699,4.72,4.697,4.734,4.705,4.746,4.613,4.746,4.611,4.745,4.598,4.581,4.509,,4.529,
3/31/2008,4.579,4.607,4.567,4.573,4.587,4.613,4.619,4.623,4.645,4.644,4.665,4.657,4.655,4.672,4.67,4.665,4.653,4.648,4.633,4.633,4.633,4.633,4.623,4.634,4.639,4.594,4.596,4.596,4.601,4.576,4.56,4.566,4.54,4.514,4.539,4.511,4.533,4.501,4.523,4.486,4.523,4.491,4.535,4.491,4.531,4.489,4.528,4.484,4.51,4.481,4.493,4.489,4.485,4.464,4.465,4.461,4.464,4.449,4.439,4.396,,4.416,
4/30/2008,4.717,4.74,4.69,4.691,4.705,4.721,4.727,4.731,4.737,4.767,4.767,4.781,4.782,4.801,4.787,4.8,4.795,4.79,4.785,4.79,4.789,4.77,4.779,4.782,4.769,4.762,4.756,4.76,4.741,4.72,4.73,4.71,4.711,4.693,4.69,4.69,4.684,4.68,4.674,4.665,4.674,4.67,4.685,4.67,4.682,4.668,4.679,4.663,4.66,4.66,4.644,4.668,4.636,4.615,4.626,4.613,4.625,4.614,4.611,4.588,,4.608,
5/30/2008,4.905,4.938,4.896,4.935,4.926,4.957,4.936,4.936,4.95,4.976,4.961,5.001,4.99,5.006,4.988,4.988,4.986,4.988,4.98,4.972,4.97,4.972,4.966,4.951,4.949,4.938,4.94,4.933,4.91,4.903,4.9,4.883,4.873,4.862,4.87,4.856,4.86,4.846,4.845,4.846,4.85,4.858,4.85,4.854,4.848,4.851,4.843,4.833,4.84,4.816,4.848,4.808,4.79,4.798,4.787,4.797,4.795,4.773,4.775,,4.773,,
6/30/2008,4.738,4.776,4.759,4.8,4.789,4.792,4.789,4.75,4.763,4.79,4.781,4.815,4.813,4.82,4.821,4.834,4.828,4.834,4.831,4.817,4.821,4.817,4.805,4.799,4.797,4.786,4.781,4.781,4.751,4.737,4.741,4.718,4.722,4.697,4.72,4.691,4.71,4.68,4.695,4.681,4.7,4.692,4.7,4.689,4.697,4.686,4.692,4.667,4.689,4.651,4.697,4.642,4.608,4.633,4.605,4.632,4.608,4.576,4.588,,4.559,,
7/31/2008,4.824,4.852,4.818,4.828,4.818,4.821,4.818,4.817,4.824,4.856,4.854,4.881,4.888,4.886,4.888,4.898,4.904,4.898,4.91,4.902,4.9,4.902,4.903,4.897,4.901,4.885,4.9,4.88,4.87,4.874,4.86,4.854,4.849,4.833,4.847,4.827,4.837,4.817,4.822,4.817,4.827,4.829,4.827,4.825,4.824,4.822,4.819,4.804,4.817,4.787,4.824,4.779,4.715,4.769,4.712,4.768,4.708,4.674,4.688,,4.647,,
8/29/2008,4.617,4.645,4.62,4.612,4.613,4.612,4.603,4.609,4.643,4.654,4.668,4.679,4.683,4.69,4.69,4.688,4.7,4.696,4.699,4.686,4.7,4.69,4.684,4.697,4.681,4.687,4.676,4.667,4.667,4.657,4.648,4.631,4.627,4.629,4.621,4.619,4.611,4.604,4.611,4.609,4.623,4.609,4.619,4.606,4.616,4.601,4.598,4.599,4.581,4.606,4.573,4.509,4.563,4.507,4.562,4.507,4.484,4.487,,4.446,4.472,,
9/30/2008,4.561,4.617,4.688,4.661,4.656,4.653,4.65,4.648,4.654,4.666,4.682,4.702,4.701,4.688,4.679,4.662,4.661,4.664,4.654,4.647,4.641,4.633,4.636,4.621,4.612,4.597,4.59,4.569,4.59,4.582,4.573,4.55,4.544,4.537,4.53,4.529,4.521,4.512,4.498,4.485,4.476,4.468,4.46,4.452,4.443,4.437,4.428,4.418,4.409,4.39,4.376,4.392,4.386,4.379,4.369,4.36,4.35,4.342,4.315,4.324,4.294,,
10/31/2008,4.771,4.953,5.22,5.162,5.162,5.168,5.175,5.169,5.167,5.168,5.172,5.005,5.006,5.005,4.992,4.941,4.932,4.955,4.954,4.941,4.928,4.958,4.912,4.895,4.88,4.831,4.822,4.821,4.801,4.796,4.79,4.791,4.782,4.773,4.762,4.752,4.737,4.721,4.711,4.705,4.69,4.675,4.661,4.646,4.631,4.618,4.603,4.586,4.571,4.545,4.525,4.329,4.316,4.303,4.287,4.203,4.183,4.168,4.143,4.169,4.146,,
11/28/2008,3.77,3.857,3.897,3.871,3.845,3.829,3.838,3.842,3.85,3.856,3.881,3.882,3.874,3.892,3.901,3.918,3.934,3.933,3.927,3.924,3.925,3.928,3.918,3.918,3.919,3.916,3.905,3.907,3.901,3.9,3.895,3.882,3.87,3.859,3.843,3.828,3.813,3.802,3.794,3.781,3.767,3.758,3.747,3.736,3.726,3.716,3.707,3.696,3.686,3.671,3.664,3.652,3.64,3.629,3.575,3.532,3.512,3.497,3.431,3.379,,,
12/31/2008,3.003,3.164,3.385,3.347,3.298,3.24,3.202,3.185,3.172,3.165,3.176,3.197,3.189,3.205,3.209,3.25,3.257,3.248,3.247,3.244,3.245,3.229,3.184,3.183,3.159,3.159,3.144,3.132,3.13,3.128,3.105,3.1,3.088,3.079,3.065,3.052,3.037,3.024,3.012,3,2.988,2.976,2.964,2.954,2.944,2.934,2.924,2.914,2.902,2.891,2.776,2.76,2.747,2.733,2.694,2.655,2.625,2.6,2.577,2.583,,,
1/30/2009,3.953,4.119,4.222,4.22,4.215,4.206,4.188,4.171,4.147,4.126,4.101,4.09,4.081,4.078,4.078,4.085,4.105,4.112,4.119,4.129,4.141,4.15,4.16,4.167,4.171,4.171,4.169,4.175,4.172,4.164,4.162,4.149,4.137,4.124,4.11,4.095,4.082,4.069,4.056,4.043,4.03,4.016,4.005,3.989,3.974,3.96,3.947,3.932,3.915,3.899,3.871,3.849,3.827,3.807,3.786,3.753,3.732,3.706,3.661,3.636,,,
2/27/2009,4.09,4.223,4.303,4.298,4.294,4.288,4.279,4.271,4.263,4.247,4.243,4.243,4.238,4.239,4.237,4.233,4.231,4.23,4.227,4.223,4.217,4.212,4.212,4.216,4.215,4.213,4.212,4.21,4.209,4.21,4.207,4.204,4.199,4.194,4.188,4.183,4.174,4.166,4.154,4.145,4.133,4.118,4.105,4.091,4.077,4.062,4.046,4.028,4.01,3.988,3.97,3.952,3.933,3.921,3.902,3.879,3.859,3.817,3.745,3.805,,3.786,
3/31/2009,3.792,3.864,3.8,3.81,3.817,3.824,3.83,3.84,3.851,3.852,3.856,3.872,3.878,3.886,3.89,3.896,3.9,3.901,3.901,3.905,3.905,3.905,3.903,3.906,3.905,3.904,3.905,3.905,3.905,3.904,3.902,3.899,3.898,3.896,3.893,3.89,3.887,3.884,3.881,3.878,3.874,3.869,3.864,3.86,3.855,3.851,3.846,3.841,3.837,3.826,3.821,3.814,3.807,3.805,3.791,3.783,3.77,3.752,3.744,3.766,,3.763,
4/30/2009,4.331,4.412,4.383,4.401,4.412,4.42,4.422,4.424,4.425,4.419,4.418,4.424,4.426,4.43,4.431,4.435,4.425,4.425,4.422,4.433,4.432,4.434,4.436,4.44,4.439,4.436,4.439,4.438,4.436,4.44,4.438,4.434,4.431,4.428,4.423,4.418,4.412,4.406,4.399,4.393,4.386,4.379,4.373,4.366,4.359,4.351,4.343,4.336,4.328,4.315,4.3,4.286,4.27,4.253,4.229,4.211,4.194,4.157,4.142,4.207,,4.199,
5/29/2009,4.578,4.659,4.692,4.699,4.698,4.696,4.696,4.698,4.695,4.694,4.688,4.68,4.677,4.675,4.672,4.664,4.659,4.661,4.655,4.652,4.647,4.647,4.643,4.643,4.642,4.635,4.634,4.634,4.629,4.629,4.627,4.625,4.623,4.62,4.615,4.613,4.608,4.605,4.602,4.599,4.595,4.592,4.589,4.585,4.582,4.576,4.571,4.566,4.561,4.553,4.544,4.537,4.526,4.523,4.512,4.502,4.484,4.475,4.465,4.455,4.442,4.401,
6/30/2009,4.52,4.592,4.602,4.607,4.612,4.621,4.628,4.632,4.628,4.626,4.625,4.619,4.615,4.611,4.61,4.602,4.601,4.594,4.592,4.588,4.584,4.582,4.579,4.578,4.576,4.573,4.571,4.569,4.568,4.565,4.563,4.56,4.558,4.555,4.553,4.551,4.548,4.545,4.542,4.539,4.537,4.533,4.531,4.527,4.524,4.519,4.515,4.51,4.506,4.5,4.496,4.491,4.481,4.475,4.47,4.464,4.463,4.45,4.444,4.438,4.43,4.419,
7/31/2009,4.51,4.584,4.57,4.583,4.597,4.604,4.611,4.616,4.618,4.617,4.617,4.613,4.612,4.607,4.605,4.598,4.597,4.595,4.594,4.589,4.59,4.588,4.586,4.586,4.583,4.581,4.579,4.575,4.574,4.57,4.567,4.561,4.559,4.555,4.55,4.547,4.544,4.541,4.538,4.534,4.531,4.528,4.525,4.521,4.519,4.516,4.512,4.51,4.503,4.501,4.498,4.494,4.486,4.484,4.479,4.476,4.47,4.464,4.459,4.456,4.452,4.445,
8/31/2009,4.366,4.44,4.45,4.459,4.465,4.473,4.477,4.472,4.468,4.468,4.463,4.455,4.45,4.446,4.441,4.437,4.434,4.434,4.435,4.431,4.43,4.429,4.425,4.425,4.437,4.435,4.434,4.431,4.429,4.428,4.427,4.425,4.422,4.418,4.416,4.414,4.412,4.41,4.408,4.405,4.404,4.402,4.4,4.398,4.394,4.391,4.39,4.383,4.379,4.376,4.374,4.371,4.372,4.37,4.366,4.356,4.349,4.345,4.342,4.337,4.326,4.322,
9/30/2009,4.248,4.325,4.314,4.32,4.331,4.344,4.356,4.359,4.359,4.359,4.363,4.358,4.351,4.344,4.34,4.339,4.339,4.338,4.337,4.336,4.336,4.337,4.335,4.333,4.331,4.327,4.322,4.318,4.315,4.311,4.307,4.304,4.3,4.296,4.292,4.289,4.285,4.281,4.278,4.274,4.27,4.267,4.263,4.259,4.256,4.252,4.248,4.244,4.243,4.242,4.241,4.239,4.24,4.231,4.222,4.213,4.211,4.207,4.203,4.2,4.189,4.169,
10/30/2009,4.454,4.514,4.456,4.472,4.484,4.493,4.502,4.51,4.522,4.523,4.528,4.532,4.536,4.54,4.54,4.541,4.543,4.544,4.543,4.545,4.543,4.54,4.54,4.539,4.539,4.537,4.534,4.53,4.529,4.526,4.524,4.522,4.52,4.517,4.515,4.512,4.51,4.507,4.505,4.503,4.5,4.498,4.495,4.493,4.489,4.486,4.483,4.481,4.478,4.475,4.471,4.468,4.463,4.459,4.457,4.457,4.453,4.446,4.442,4.439,4.437,4.425,
11/30/2009,4.381,4.411,4.266,4.285,4.302,4.312,4.321,4.34,4.349,4.363,4.371,4.378,4.386,4.402,4.409,4.415,4.422,4.433,4.444,4.452,4.459,4.467,4.476,4.484,4.488,4.493,4.498,4.499,4.499,4.499,4.499,4.5,4.5,4.5,4.5,4.501,4.501,4.501,4.502,4.502,4.502,4.502,4.503,4.503,4.503,4.504,4.504,4.503,4.502,4.501,4.5,4.503,4.504,4.504,4.505,4.5,4.499,4.494,4.487,4.482,4.475,4.471,
12/31/2009,4.865,4.934,4.884,4.898,4.913,4.927,4.937,4.947,4.957,4.966,4.968,4.972,4.972,4.97,4.973,4.977,4.98,4.974,4.967,4.961,4.954,4.952,4.95,4.948,4.944,4.94,4.936,4.933,4.929,4.926,4.923,4.92,4.917,4.914,4.91,4.907,4.904,4.9,4.897,4.893,4.89,4.887,4.883,4.88,4.877,4.873,4.869,4.868,4.867,4.865,4.863,4.86,4.856,4.85,4.847,4.849,4.846,4.847,4.854,4.843,4.837,4.844,
1/29/2010,4.694,4.736,4.631,4.647,4.663,4.675,4.69,4.696,4.707,4.716,4.723,4.732,4.743,4.751,4.756,4.76,4.764,4.768,4.77,4.772,4.775,4.775,4.776,4.777,4.777,4.778,4.779,4.778,4.777,4.776,4.776,4.775,4.774,4.773,4.772,4.772,4.771,4.77,4.769,4.769,4.768,4.767,4.766,4.765,4.765,4.764,4.763,4.764,4.765,4.766,4.767,4.764,4.764,4.764,4.764,4.765,4.767,4.77,4.771,4.773,4.774,4.777,
2/26/2010,4.717,4.757,4.658,4.679,4.692,4.705,4.714,4.724,4.73,4.74,4.746,4.752,4.758,4.764,4.77,4.776,4.781,4.782,4.783,4.784,4.786,4.788,4.79,4.791,4.792,4.793,4.793,4.793,4.793,4.793,4.793,4.793,4.793,4.793,4.793,4.793,4.794,4.793,4.794,4.794,4.794,4.794,4.794,4.794,4.794,4.794,4.796,4.797,4.799,4.802,4.802,4.804,4.803,4.804,4.802,4.804,4.804,4.807,4.811,4.813,4.816,4.816,
3/31/2010,4.893,4.926,4.808,4.823,4.834,4.846,4.857,4.869,4.878,4.885,4.897,4.909,4.919,4.924,4.929,4.935,4.94,4.942,4.944,4.946,4.949,4.952,4.955,4.958,4.963,4.967,4.969,4.971,4.973,4.975,4.977,4.979,4.981,4.983,4.985,4.987,4.989,4.991,4.993,4.995,4.997,4.999,5.001,5.003,5.005,5.007,5.008,5.008,5.009,5.01,5.013,5.013,5.013,5.013,5.013,5.013,5.013,5.013,5.012,5.012,5.013,5.015,
4/30/2010,4.679,4.707,4.584,4.598,4.612,4.626,4.635,4.644,4.654,4.669,4.676,4.685,4.692,4.698,4.704,4.709,4.717,4.72,4.726,4.732,4.734,4.735,4.737,4.739,4.742,4.745,4.747,4.75,4.752,4.755,4.757,4.76,4.762,4.765,4.767,4.77,4.773,4.775,4.777,4.78,4.783,4.785,4.788,4.79,4.793,4.795,4.798,4.801,4.803,4.806,4.808,4.809,4.81,4.811,4.812,4.815,4.818,4.821,4.817,4.82,4.819,4.824,
5/31/2010,4.361,4.392,4.288,4.297,4.306,4.307,4.308,4.324,4.33,4.339,4.348,4.361,4.369,4.377,4.385,4.391,4.4,4.403,4.406,4.408,4.411,4.414,4.417,4.42,4.422,4.426,4.429,4.432,4.436,4.439,4.442,4.446,4.449,4.452,4.456,4.459,4.462,4.466,4.469,4.472,4.476,4.479,4.482,4.486,4.489,4.492,4.495,4.498,4.501,4.508,4.506,4.505,4.505,4.503,4.5,4.496,4.493,4.495,4.491,4.494,4.494,4.508,
6/30/2010,4.047,4.078,3.957,3.966,3.975,3.982,3.988,3.996,4.01,4.022,4.034,4.042,4.053,4.063,4.074,4.087,4.091,4.099,4.106,4.109,4.112,4.115,4.118,4.12,4.122,4.125,4.127,4.129,4.132,4.134,4.136,4.139,4.141,4.143,4.145,4.148,4.15,4.152,4.155,4.157,4.159,4.162,4.164,4.166,4.169,4.17,4.171,4.172,4.173,4.179,4.179,4.179,4.179,4.183,4.185,4.188,4.19,4.191,4.191,4.193,4.193,4.171,
7/30/2010,4.101,4.105,3.911,3.926,3.941,3.953,3.963,3.972,3.987,3.999,4.012,4.031,4.046,4.06,4.075,4.089,4.103,4.116,4.129,4.139,4.15,4.16,4.167,4.174,4.181,4.186,4.191,4.196,4.202,4.207,4.212,4.217,4.223,4.228,4.233,4.238,4.243,4.249,4.254,4.259,4.264,4.269,4.275,4.28,4.285,4.287,4.289,4.291,4.293,4.296,4.302,4.307,4.313,4.319,4.321,4.322,4.324,4.328,4.329,4.327,4.326,4.316,
8/31/2010,3.598,3.58,3.361,3.379,3.39,3.401,3.412,3.424,3.439,3.455,3.474,3.49,3.506,3.522,3.534,3.545,3.555,3.565,3.58,3.595,3.61,3.625,3.641,3.657,3.668,3.676,3.683,3.691,3.698,3.706,3.714,3.72,3.728,3.735,3.743,3.749,3.757,3.765,3.773,3.777,3.785,3.792,3.8,3.808,3.809,3.811,3.813,3.815,3.817,3.825,3.832,3.839,3.843,3.848,3.853,3.858,3.859,3.864,3.861,3.865,3.857,3.831,
9/30/2010,3.785,3.787,3.502,3.523,3.539,3.552,3.57,3.591,3.612,3.629,3.653,3.673,3.691,3.707,3.723,3.736,3.747,3.758,3.772,3.786,3.8,3.815,3.831,3.846,3.855,3.864,3.873,3.882,3.891,3.9,3.908,3.917,3.926,3.935,3.943,3.952,3.961,3.97,3.978,3.987,3.996,4.005,4.013,4.021,4.024,4.026,4.027,4.029,4.03,4.031,4.031,4.031,4.033,4.036,4.04,4.043,4.049,4.057,4.059,4.059,4.051,4.039,
10/29/2010,4.163,4.144,3.766,3.804,3.833,3.863,3.886,3.907,3.927,3.949,3.97,3.993,4.015,4.037,4.052,4.069,4.087,4.106,4.124,4.142,4.159,4.174,4.189,4.203,4.216,4.228,4.239,4.252,4.263,4.274,4.285,4.297,4.308,4.319,4.33,4.341,4.352,4.363,4.374,4.386,4.397,4.408,4.419,4.426,4.432,4.438,4.444,4.45,4.451,4.453,4.455,4.456,4.456,4.457,4.457,4.457,4.457,4.456,4.457,4.456,4.456,4.445,
11/30/2010,4.288,4.288,4.01,4.042,4.08,4.098,4.121,4.134,4.147,4.166,4.177,4.187,4.198,4.207,4.217,4.233,4.249,4.26,4.27,4.28,4.291,4.303,4.314,4.321,4.329,4.337,4.345,4.352,4.36,4.368,4.376,4.383,4.391,4.399,4.406,4.414,4.422,4.429,4.437,4.445,4.452,4.46,4.468,4.472,4.477,4.481,4.486,4.493,4.5,4.508,4.514,4.522,4.528,4.533,4.539,4.535,4.535,4.531,4.528,4.525,4.532,4.518,
12/31/2010,4.547,4.582,4.388,4.415,4.439,4.476,4.489,4.503,4.513,4.525,4.538,4.546,4.549,4.557,4.567,4.576,4.575,4.581,4.585,4.585,4.591,4.594,4.594,4.6,4.605,4.609,4.618,4.622,4.625,4.63,4.634,4.638,4.641,4.645,4.649,4.653,4.657,4.66,4.66,4.664,4.665,4.669,4.671,4.672,4.673,4.675,4.676,4.679,4.683,4.688,4.693,4.69,4.693,4.696,4.7,4.695,4.698,4.688,4.688,4.688,4.696,4.674,
1/31/2011,4.815,4.83,4.585,4.616,4.646,4.667,4.689,4.702,4.72,4.736,4.75,4.762,4.771,4.775,4.782,4.794,4.809,4.817,4.824,4.831,4.838,4.843,4.848,4.854,4.86,4.867,4.874,4.881,4.887,4.895,4.902,4.909,4.915,4.921,4.928,4.934,4.94,4.945,4.951,4.957,4.96,4.965,4.971,4.975,4.979,4.983,4.985,4.985,4.983,4.982,4.982,4.987,4.982,4.978,4.978,4.991,4.996,4.994,4.998,4.992,4.983,4.951,
2/28/2011,4.708,4.726,4.493,4.514,4.543,4.561,4.58,4.595,4.615,4.634,4.649,4.66,4.661,4.67,4.682,4.692,4.704,4.713,4.719,4.731,4.74,4.746,4.752,4.757,4.763,4.77,4.775,4.781,4.788,4.795,4.801,4.806,4.812,4.818,4.824,4.829,4.834,4.839,4.845,4.847,4.852,4.856,4.86,4.864,4.867,4.871,4.872,4.875,4.88,4.884,4.885,4.888,4.891,4.894,4.882,4.884,4.887,4.886,4.888,4.89,4.886,4.888,
3/31/2011,4.725,4.739,4.528,4.551,4.572,4.585,4.598,4.615,4.636,4.645,4.659,4.671,4.686,4.691,4.701,4.708,4.716,4.725,4.733,4.739,4.747,4.754,4.761,4.769,4.777,4.783,4.787,4.791,4.796,4.802,4.806,4.811,4.815,4.819,4.822,4.827,4.83,4.834,4.839,4.841,4.844,4.848,4.854,4.858,4.865,4.871,4.875,4.88,4.886,4.892,4.893,4.893,4.893,4.894,4.895,4.892,4.892,4.89,4.888,4.897,4.898,4.894,
4/29/2011,4.62,4.628,4.387,4.412,4.434,4.453,4.472,4.486,4.501,4.515,4.527,4.537,4.55,4.559,4.572,4.583,4.597,4.609,4.615,4.626,4.635,4.64,4.648,4.657,4.664,4.671,4.678,4.684,4.691,4.697,4.703,4.708,4.716,4.722,4.728,4.734,4.74,4.745,4.75,4.755,4.762,4.768,4.773,4.779,4.783,4.788,4.792,4.797,4.802,4.802,4.804,4.804,4.806,4.806,4.808,4.808,4.809,4.806,4.804,4.802,4.803,4.803,
5/31/2011,4.405,4.402,4.163,4.177,4.194,4.213,4.225,4.242,4.253,4.264,4.275,4.292,4.305,4.321,4.331,4.344,4.356,4.368,4.379,4.389,4.394,4.404,4.414,4.424,4.433,4.441,4.45,4.459,4.467,4.475,4.482,4.492,4.5,4.509,4.517,4.525,4.532,4.54,4.546,4.556,4.563,4.567,4.572,4.576,4.579,4.587,4.595,4.602,4.61,4.613,4.614,4.615,4.611,4.621,4.618,4.62,4.62,4.628,4.623,4.631,4.632,4.619,
6/30/2011,4.596,4.59,4.341,4.363,4.385,4.402,4.423,4.441,4.452,4.463,4.475,4.493,4.502,4.512,4.528,4.539,4.552,4.567,4.574,4.582,4.589,4.593,4.603,4.614,4.623,4.63,4.638,4.646,4.652,4.659,4.665,4.674,4.68,4.687,4.695,4.701,4.707,4.713,4.718,4.725,4.732,4.741,4.751,4.759,4.767,4.773,4.775,4.779,4.781,4.783,4.78,4.786,4.805,4.802,4.801,4.808,4.804,4.805,4.802,4.809,4.81,4.815,
7/29/2011,4.319,4.29,3.97,3.991,4.017,4.037,4.063,4.08,4.098,4.116,4.136,4.149,4.166,4.178,4.194,4.207,4.221,4.238,4.246,4.262,4.275,4.283,4.297,4.311,4.324,4.335,4.346,4.358,4.368,4.378,4.388,4.401,4.411,4.422,4.433,4.443,4.453,4.463,4.472,4.482,4.493,4.503,4.513,4.522,4.531,4.537,4.548,4.559,4.566,4.57,4.572,4.572,4.576,4.579,4.581,4.579,4.589,4.586,4.581,4.588,4.591,4.589,
8/31/2011,3.719,3.675,3.329,3.352,3.367,3.387,3.412,3.434,3.456,3.479,3.498,3.521,3.537,3.548,3.568,3.585,3.598,3.61,3.62,3.634,3.647,3.658,3.675,3.691,3.704,3.718,3.732,3.745,3.758,3.77,3.786,3.799,3.813,3.825,3.838,3.853,3.865,3.876,3.889,3.901,3.913,3.927,3.938,3.95,3.957,3.959,3.958,3.959,3.963,3.967,3.972,3.982,3.982,3.995,4,4.004,4.002,4.009,4.01,4.006,4.003,4.006,
9/30/2011,3.015,3.034,2.843,2.86,2.875,2.895,2.905,2.919,2.932,2.944,2.955,2.967,2.978,2.989,2.996,3.004,3.007,3.015,3.021,3.028,3.033,3.037,3.044,3.05,3.055,3.061,3.066,3.07,3.075,3.079,3.085,3.09,3.095,3.099,3.103,3.11,3.113,3.116,3.12,3.124,3.129,3.133,3.136,3.142,3.15,3.154,3.154,3.157,3.156,3.152,3.149,3.145,3.146,3.144,3.138,3.133,3.131,3.13,3.127,3.132,3.132,3.144,
10/31/2011,3.313,3.314,3.115,3.137,3.149,3.165,3.176,3.19,3.202,3.214,3.225,3.233,3.24,3.258,3.26,3.268,3.275,3.279,3.286,3.297,3.304,3.31,3.317,3.325,3.331,3.338,3.346,3.351,3.357,3.362,3.37,3.376,3.383,3.388,3.394,3.401,3.406,3.41,3.416,3.421,3.424,3.426,3.427,3.432,3.443,3.443,3.44,3.441,3.44,3.443,3.444,3.449,3.456,3.457,3.449,3.447,3.449,3.452,3.455,3.456,3.438,3.445,
11/30/2011,3.142,3.142,2.968,2.982,2.993,3.005,3.018,3.028,3.037,3.045,3.054,3.064,3.07,3.078,3.086,3.096,3.104,3.11,3.116,3.122,3.128,3.136,3.143,3.149,3.157,3.164,3.169,3.175,3.18,3.188,3.193,3.2,3.205,3.211,3.218,3.223,3.227,3.232,3.237,3.241,3.246,3.249,3.25,3.253,3.253,3.254,3.252,3.256,3.259,3.261,3.263,3.266,3.27,3.272,3.275,3.279,3.279,3.281,3.282,3.274,3.275,3.27,
12/30/2011,2.948,2.941,2.738,2.758,2.778,2.795,2.81,2.82,2.826,2.835,2.84,2.846,2.851,2.863,2.87,2.874,2.882,2.888,2.894,2.902,2.91,2.919,2.928,2.936,2.945,2.954,2.961,2.969,2.975,2.985,2.992,3.001,3.008,3.015,3.024,3.031,3.037,3.044,3.051,3.059,3.066,3.073,3.076,3.078,3.083,3.086,3.086,3.087,3.088,3.088,3.087,3.088,3.087,3.088,3.092,3.091,3.091,3.093,3.095,3.088,3.094,3.095,
1/31/2012,3.001,2.978,2.742,2.76,2.778,2.793,2.808,2.821,2.837,2.843,2.857,2.869,2.883,2.893,2.901,2.907,2.917,2.927,2.932,2.941,2.95,2.96,2.97,2.978,2.988,2.998,3.005,3.015,3.022,3.032,3.04,3.05,3.057,3.065,3.075,3.082,3.089,3.097,3.105,3.113,3.12,3.126,3.129,3.134,3.136,3.137,3.138,3.138,3.141,3.147,3.149,3.148,3.151,3.153,3.159,3.158,3.159,3.163,3.171,3.169,3.171,3.178,
2/29/2012,3.163,3.14,2.916,2.938,2.953,2.968,2.982,2.994,3.001,3.012,3.023,3.037,3.048,3.058,3.065,3.071,3.077,3.088,3.097,3.106,3.116,3.126,3.135,3.145,3.155,3.163,3.172,3.179,3.19,3.198,3.208,3.216,3.224,3.234,3.242,3.249,3.257,3.265,3.268,3.271,3.272,3.278,3.28,3.287,3.297,3.304,3.303,3.308,3.312,3.316,3.307,3.308,3.308,3.309,3.308,3.31,3.311,3.318,3.318,3.321,3.323,3.318,
3/30/2012,3.446,3.425,3.218,3.24,3.258,3.271,3.284,3.294,3.298,3.302,3.313,3.323,3.334,3.343,3.349,3.357,3.364,3.372,3.381,3.389,3.398,3.408,3.417,3.427,3.436,3.446,3.453,3.461,3.47,3.478,3.487,3.495,3.503,3.511,3.519,3.527,3.534,3.541,3.545,3.55,3.554,3.56,3.564,3.567,3.571,3.577,3.58,3.581,3.583,3.587,3.586,3.584,3.585,3.585,3.584,3.585,3.587,3.59,3.591,3.599,3.596,3.594,
4/30/2012,3.177,3.129,2.865,2.882,2.897,2.91,2.925,2.941,2.959,2.968,2.978,2.988,3.003,3.016,3.026,3.039,3.051,3.065,3.076,3.086,3.098,3.11,3.122,3.134,3.146,3.158,3.168,3.178,3.19,3.201,3.212,3.222,3.233,3.244,3.254,3.265,3.274,3.284,3.289,3.295,3.301,3.308,3.312,3.317,3.322,3.331,3.335,3.335,3.337,3.34,3.347,3.348,3.35,3.35,3.356,3.357,3.361,3.367,3.368,3.379,3.377,3.369,
5/31/2012,2.687,2.64,2.381,2.397,2.41,2.424,2.434,2.446,2.458,2.471,2.484,2.495,2.51,2.518,2.531,2.544,2.559,2.571,2.582,2.594,2.606,2.618,2.631,2.644,2.656,2.668,2.678,2.689,2.7,2.711,2.722,2.733,2.745,2.756,2.767,2.778,2.785,2.793,2.802,2.81,2.814,2.819,2.825,2.831,2.837,2.843,2.845,2.848,2.85,2.854,2.857,2.859,2.863,2.867,2.872,2.877,2.879,2.882,2.887,2.892,2.898,2.897,
6/29/2012,2.799,2.757,2.516,2.536,2.55,2.562,2.577,2.594,2.608,2.617,2.627,2.636,2.644,2.651,2.659,2.667,2.678,2.688,2.698,2.708,2.72,2.73,2.742,2.754,2.765,2.776,2.785,2.795,2.805,2.815,2.825,2.834,2.844,2.855,2.863,2.872,2.879,2.887,2.896,2.904,2.913,2.918,2.924,2.931,2.935,2.94,2.944,2.946,2.95,2.955,2.96,2.962,2.965,2.967,2.967,2.97,2.974,2.975,2.976,2.975,2.979,2.983,
7/31/2012,2.599,2.56,2.332,2.353,2.368,2.38,2.394,2.406,2.421,2.432,2.444,2.454,2.464,2.473,2.482,2.491,2.5,2.508,2.515,2.523,2.534,2.543,2.553,2.563,2.572,2.581,2.588,2.596,2.604,2.612,2.62,2.627,2.636,2.644,2.651,2.656,2.661,2.666,2.672,2.678,2.687,2.693,2.698,2.704,2.712,2.717,2.722,2.727,2.732,2.738,2.743,2.744,2.748,2.749,2.748,2.753,2.754,2.759,2.762,2.766,2.771,2.774,
8/31/2012,2.692,2.643,2.397,2.412,2.428,2.447,2.464,2.479,2.491,2.505,2.517,2.529,2.538,2.549,2.558,2.57,2.582,2.592,2.602,2.612,2.623,2.634,2.645,2.655,2.665,2.674,2.683,2.692,2.7,2.708,2.717,2.726,2.735,2.742,2.749,2.75,2.757,2.766,2.773,2.779,2.785,2.79,2.797,2.804,2.808,2.815,2.82,2.827,2.829,2.835,2.843,2.846,2.85,2.852,2.853,2.855,2.858,2.862,2.865,2.871,2.878,2.883,
9/28/2012,2.857,2.8,2.529,2.549,2.566,2.586,2.606,2.625,2.638,2.653,2.667,2.681,2.694,2.706,2.719,2.731,2.741,2.752,2.762,2.773,2.784,2.795,2.806,2.816,2.826,2.834,2.844,2.853,2.861,2.87,2.879,2.887,2.894,2.903,2.909,2.913,2.921,2.93,2.939,2.946,2.95,2.956,2.963,2.969,2.973,2.981,2.985,2.992,2.999,3.002,3.004,3.01,3.012,3.017,3.019,3.023,3.024,3.024,3.03,3.034,3.039,3.04,
10/31/2012,2.871,2.804,2.536,2.556,2.574,2.592,2.615,2.631,2.641,2.655,2.667,2.682,2.694,2.706,2.718,2.729,2.741,2.752,2.763,2.773,2.783,2.794,2.804,2.813,2.822,2.831,2.841,2.849,2.858,2.867,2.875,2.883,2.89,2.899,2.905,2.91,2.918,2.926,2.935,2.945,2.953,2.959,2.967,2.976,2.985,2.992,2.999,3.007,3.012,3.019,3.025,3.028,3.034,3.036,3.039,3.042,3.048,3.051,3.055,3.062,3.066,3.071,
11/30/2012,2.827,2.735,2.448,2.468,2.488,2.506,2.524,2.538,2.553,2.566,2.579,2.591,2.605,2.62,2.634,2.647,2.661,2.673,2.686,2.698,2.711,2.723,2.734,2.746,2.757,2.769,2.78,2.79,2.801,2.811,2.822,2.831,2.842,2.85,2.857,2.865,2.873,2.882,2.891,2.898,2.904,2.913,2.919,2.926,2.933,2.941,2.949,2.956,2.963,2.969,2.977,2.983,2.986,2.993,2.997,3.002,3.004,3.006,3.012,3.018,3.023,3.024,
12/31/2012,2.969,2.883,2.621,2.639,2.658,2.677,2.697,2.71,2.725,2.739,2.752,2.762,2.775,2.787,2.798,2.808,2.819,2.83,2.841,2.852,2.863,2.873,2.881,2.891,2.9,2.91,2.918,2.927,2.936,2.944,2.952,2.96,2.968,2.974,2.979,2.988,2.998,3.007,3.018,3.028,3.034,3.041,3.046,3.053,3.064,3.076,3.088,3.095,3.099,3.104,3.111,3.115,3.122,3.126,3.129,3.135,3.142,3.15,3.154,3.159,3.163,3.17,
1/31/2013,3.223,3.139,2.881,2.902,2.924,2.949,2.966,2.981,2.995,3.009,3.022,3.033,3.045,3.057,3.068,3.079,3.089,3.098,3.107,3.117,3.126,3.135,3.145,3.153,3.16,3.169,3.175,3.182,3.188,3.196,3.203,3.209,3.216,3.223,3.228,3.235,3.241,3.249,3.257,3.265,3.271,3.279,3.287,3.296,3.303,3.311,3.315,3.32,3.327,3.333,3.343,3.35,3.356,3.363,3.37,3.375,3.382,3.387,3.394,3.4,3.408,3.413,
2/28/2013,3.173,3.088,2.81,2.834,2.854,2.877,2.893,2.912,2.929,2.947,2.962,2.976,2.989,3.001,3.013,3.025,3.037,3.047,3.058,3.069,3.08,3.089,3.099,3.108,3.117,3.126,3.134,3.142,3.151,3.159,3.167,3.176,3.183,3.19,3.197,3.204,3.21,3.217,3.224,3.233,3.243,3.251,3.256,3.263,3.271,3.274,3.277,3.284,3.291,3.294,3.299,3.304,3.31,3.317,3.322,3.327,3.332,3.339,3.344,3.35,3.359,3.362,
3/29/2013,3.21,3.109,2.784,2.807,2.835,2.857,2.874,2.892,2.914,2.933,2.952,2.969,2.987,3.003,3.018,3.032,3.046,3.059,3.073,3.085,3.099,3.111,3.123,3.135,3.147,3.159,3.169,3.18,3.191,3.202,3.213,3.224,3.234,3.243,3.25,3.257,3.263,3.27,3.277,3.284,3.292,3.298,3.304,3.31,3.316,3.319,3.325,3.329,3.336,3.343,3.347,3.352,3.36,3.368,3.369,3.371,3.371,3.376,3.38,3.384,3.386,3.391,
4/30/2013,2.957,2.857,2.547,2.57,2.589,2.611,2.629,2.646,2.663,2.681,2.699,2.716,2.734,2.752,2.769,2.786,2.8,2.813,2.825,2.838,2.85,2.863,2.874,2.885,2.897,2.906,2.916,2.925,2.935,2.944,2.952,2.962,2.971,2.976,2.983,2.99,3,3.005,3.013,3.019,3.026,3.033,3.039,3.044,3.048,3.052,3.059,3.065,3.069,3.075,3.079,3.084,3.09,3.097,3.104,3.11,3.115,3.125,3.129,3.134,3.139,3.141,
5/31/2013,3.393,3.312,3.055,3.079,3.098,3.116,3.133,3.149,3.164,3.179,3.195,3.21,3.226,3.238,3.252,3.263,3.273,3.282,3.292,3.301,3.31,3.318,3.325,3.334,3.342,3.349,3.355,3.362,3.367,3.373,3.379,3.386,3.389,3.399,3.408,3.416,3.422,3.432,3.437,3.442,3.448,3.454,3.46,3.466,3.472,3.474,3.478,3.499,3.502,3.503,3.506,3.512,3.516,3.519,3.526,3.533,3.536,3.539,3.542,3.546,3.551,3.527,
6/28/2013,3.594,3.544,3.341,3.36,3.38,3.393,3.406,3.417,3.43,3.441,3.455,3.468,3.482,3.493,3.504,3.513,3.52,3.528,3.535,3.543,3.549,3.554,3.56,3.567,3.573,3.577,3.581,3.586,3.59,3.594,3.597,3.601,3.602,3.608,3.613,3.617,3.619,3.626,3.629,3.632,3.636,3.643,3.649,3.659,3.662,3.664,3.663,3.669,3.67,3.675,3.681,3.684,3.682,3.692,3.7,3.71,3.714,3.719,3.721,3.721,3.717,3.718,
7/31/2013,3.753,3.703,3.497,3.52,3.532,3.549,3.565,3.582,3.596,3.61,3.622,3.633,3.645,3.654,3.663,3.673,3.681,3.687,3.694,3.702,3.708,3.714,3.719,3.726,3.732,3.736,3.74,3.745,3.749,3.752,3.756,3.76,3.764,3.767,3.772,3.776,3.779,3.782,3.786,3.791,3.797,3.803,3.807,3.813,3.815,3.817,3.821,3.827,3.833,3.837,3.839,3.846,3.846,3.85,3.856,3.861,3.863,3.871,3.877,3.881,3.885,3.885,
8/30/2013,3.803,3.755,3.567,3.589,3.602,3.618,3.632,3.643,3.655,3.667,3.679,3.691,3.7,3.71,3.719,3.726,3.733,3.739,3.747,3.753,3.758,3.763,3.77,3.775,3.78,3.783,3.787,3.791,3.795,3.798,3.802,3.806,3.809,3.814,3.819,3.823,3.826,3.83,3.835,3.843,3.846,3.853,3.861,3.867,3.862,3.863,3.874,3.878,3.882,3.891,3.895,3.896,3.904,3.91,3.915,3.918,3.921,3.929,3.932,3.935,3.936,3.929,
9/30/2013,3.836,3.767,3.511,3.532,3.551,3.568,3.587,3.603,3.62,3.635,3.65,3.666,3.678,3.691,3.704,3.715,3.725,3.735,3.746,3.756,3.765,3.774,3.784,3.793,3.801,3.809,3.816,3.824,3.831,3.837,3.845,3.852,3.859,3.868,3.877,3.884,3.89,3.896,3.899,3.905,3.91,3.918,3.923,3.926,3.931,3.935,3.938,3.942,3.946,3.947,3.954,3.964,3.967,3.968,3.97,3.974,3.976,3.973,3.976,3.983,3.984,3.981,
10/31/2013,3.765,3.69,3.433,3.454,3.472,3.49,3.508,3.524,3.54,3.555,3.569,3.585,3.597,3.61,3.623,3.635,3.645,3.656,3.665,3.675,3.683,3.693,3.703,3.713,3.72,3.728,3.735,3.743,3.75,3.758,3.764,3.772,3.779,3.788,3.795,3.802,3.807,3.814,3.819,3.826,3.831,3.839,3.845,3.85,3.855,3.86,3.866,3.875,3.88,3.886,3.893,3.899,3.902,3.908,3.915,3.919,3.924,3.928,3.93,3.934,3.937,3.931,
11/29/2013,3.961,3.898,3.675,3.698,3.72,3.737,3.753,3.766,3.778,3.789,3.801,3.812,3.823,3.835,3.846,3.854,3.863,3.871,3.88,3.886,3.894,3.903,3.911,3.917,3.923,3.929,3.935,3.941,3.946,3.952,3.958,3.964,3.971,3.978,3.984,3.988,3.995,3.999,4.005,4.01,4.018,4.024,4.03,4.035,4.04,4.049,4.055,4.059,4.063,4.07,4.074,4.08,4.085,4.093,4.099,4.105,4.111,4.114,4.118,4.107,4.1,4.135,
12/31/2013,4.083,4.041,3.857,3.872,3.889,3.906,3.921,3.934,3.946,3.961,3.973,3.981,3.99,3.999,4.006,4.012,4.02,4.026,4.031,4.036,4.041,4.047,4.052,4.056,4.061,4.065,4.069,4.073,4.075,4.08,4.086,4.091,4.097,4.102,4.107,4.109,4.113,4.118,4.124,4.128,4.136,4.141,4.147,4.151,4.155,4.158,4.165,4.168,4.167,4.173,4.18,4.182,4.183,4.194,4.199,4.206,4.212,4.216,4.215,4.216,4.219,4.218,
1/31/2014,3.742,3.699,3.485,3.501,3.517,3.536,3.553,3.568,3.58,3.593,3.604,3.615,3.627,3.64,3.651,3.661,3.67,3.678,3.686,3.694,3.702,3.711,3.716,3.723,3.73,3.738,3.745,3.751,3.756,3.762,3.768,3.771,3.775,3.779,3.782,3.786,3.789,3.794,3.797,3.801,3.806,3.81,3.812,3.816,3.819,3.823,3.825,3.828,3.827,3.829,3.834,3.839,3.841,3.847,3.848,3.852,3.858,3.864,3.867,3.87,3.877,3.878,
2/28/2014,3.71,3.663,3.456,3.47,3.489,3.504,3.519,3.532,3.547,3.56,3.572,3.583,3.595,3.605,3.615,3.624,3.634,3.643,3.651,3.658,3.666,3.673,3.68,3.686,3.693,3.701,3.706,3.712,3.717,3.721,3.726,3.73,3.736,3.74,3.744,3.748,3.753,3.757,3.761,3.766,3.772,3.777,3.779,3.78,3.785,3.787,3.793,3.799,3.803,3.804,3.806,3.811,3.816,3.818,3.824,3.828,3.834,3.836,3.839,3.842,3.846,3.844,
3/31/2014,3.663,3.626,3.437,3.453,3.469,3.483,3.495,3.508,3.522,3.535,3.545,3.556,3.567,3.576,3.584,3.593,3.602,3.609,3.616,3.623,3.63,3.636,3.641,3.646,3.653,3.659,3.664,3.668,3.673,3.676,3.679,3.682,3.687,3.689,3.694,3.699,3.705,3.71,3.711,3.716,3.719,3.727,3.728,3.732,3.738,3.737,3.74,3.745,3.746,3.749,3.745,3.75,3.757,3.76,3.764,3.772,3.777,3.777,3.778,3.78,3.783,3.782,
4/30/2014,3.545,3.513,3.331,3.349,3.367,3.381,3.394,3.406,3.42,3.431,3.441,3.45,3.46,3.468,3.476,3.483,3.491,3.497,3.502,3.508,3.514,3.518,3.522,3.527,3.532,3.537,3.541,3.544,3.548,3.552,3.557,3.562,3.568,3.572,3.578,3.582,3.587,3.589,3.591,3.597,3.601,3.606,3.609,3.612,3.612,3.615,3.621,3.62,3.623,3.626,3.625,3.627,3.627,3.628,3.634,3.64,3.644,3.653,3.656,3.661,3.666,3.672,
5/30/2014,3.39,3.352,3.146,3.167,3.185,3.201,3.215,3.231,3.244,3.255,3.266,3.277,3.287,3.296,3.305,3.315,3.322,3.329,3.336,3.344,3.349,3.355,3.361,3.368,3.375,3.38,3.385,3.391,3.395,3.401,3.407,3.414,3.42,3.424,3.429,3.435,3.438,3.44,3.449,3.456,3.459,3.461,3.465,3.468,3.472,3.475,3.478,3.48,3.484,3.487,3.488,3.495,3.497,3.499,3.501,3.504,3.506,3.508,3.51,3.514,3.521,3.524,
6/30/2014,3.413,3.387,3.207,3.222,3.237,3.249,3.261,3.276,3.286,3.299,3.31,3.321,3.329,3.338,3.346,3.354,3.361,3.368,3.374,3.381,3.386,3.391,3.396,3.402,3.408,3.413,3.417,3.421,3.425,3.43,3.434,3.441,3.445,3.448,3.453,3.459,3.464,3.469,3.475,3.48,3.484,3.484,3.485,3.491,3.492,3.493,3.498,3.501,3.503,3.505,3.508,3.511,3.515,3.516,3.517,3.52,3.521,3.522,3.523,3.525,3.529,3.533,
7/31/2014,3.378,3.356,3.205,3.217,3.229,3.239,3.25,3.258,3.266,3.275,3.286,3.294,3.303,3.31,3.317,3.325,3.331,3.337,3.342,3.348,3.352,3.356,3.36,3.365,3.371,3.375,3.378,3.381,3.383,3.387,3.39,3.395,3.397,3.401,3.407,3.414,3.42,3.425,3.43,3.435,3.438,3.442,3.444,3.448,3.45,3.455,3.458,3.46,3.461,3.463,3.467,3.469,3.472,3.473,3.475,3.476,3.483,3.482,3.483,3.484,3.484,3.488,
8/29/2014,3.122,3.086,2.927,2.938,2.947,2.96,2.969,2.979,2.989,3,3.009,3.018,3.026,3.033,3.041,3.048,3.054,3.06,3.067,3.071,3.076,3.08,3.086,3.092,3.096,3.1,3.104,3.106,3.11,3.114,3.12,3.126,3.129,3.136,3.144,3.156,3.165,3.168,3.171,3.175,3.179,3.184,3.19,3.196,3.198,3.203,3.205,3.2,3.205,3.209,3.215,3.219,3.22,3.225,3.227,3.233,3.233,3.232,3.233,3.23,3.23,3.231,
9/30/2014,3.265,3.238,3.096,3.108,3.117,3.128,3.136,3.144,3.154,3.164,3.172,3.18,3.187,3.194,3.201,3.208,3.213,3.218,3.224,3.227,3.231,3.235,3.24,3.246,3.249,3.252,3.255,3.256,3.259,3.263,3.268,3.273,3.279,3.283,3.29,3.299,3.306,3.31,3.313,3.318,3.317,3.321,3.324,3.329,3.33,3.337,3.337,3.337,3.339,3.34,3.347,3.352,3.354,3.361,3.364,3.369,3.368,3.365,3.366,3.364,3.365,3.363,
10/31/2014,3.106,3.064,2.927,2.933,2.937,2.948,2.955,2.963,2.972,2.981,2.989,2.996,3.003,3.009,3.016,3.022,3.027,3.031,3.036,3.039,3.043,3.046,3.05,3.055,3.058,3.06,3.063,3.064,3.07,3.078,3.087,3.095,3.097,3.108,3.118,3.133,3.139,3.147,3.154,3.163,3.168,3.174,3.177,3.18,3.179,3.187,3.191,3.189,3.195,3.196,3.205,3.213,3.215,3.221,3.223,3.231,3.228,3.225,3.224,3.222,3.222,3.216,
11/28/2014,2.951,2.9,2.753,2.755,2.765,2.773,2.781,2.791,2.801,2.81,2.818,2.825,2.832,2.84,2.847,2.852,2.858,2.863,2.867,2.871,2.875,2.881,2.886,2.89,2.893,2.896,2.898,2.903,2.909,2.916,2.923,2.925,2.943,2.958,2.973,2.979,2.991,3.001,3.013,3.017,3.025,3.03,3.035,3.034,3.038,3.04,3.037,3.039,3.042,3.047,3.058,3.061,3.069,3.072,3.077,3.073,3.075,3.076,3.075,3.078,3.073,3.061,
12/31/2014,2.764,2.728,2.626,2.634,2.64,2.646,2.648,2.661,2.668,2.674,2.68,2.686,2.69,2.695,2.699,2.702,2.704,2.708,2.709,2.71,2.711,2.714,2.716,2.717,2.717,2.718,2.711,2.71,2.708,2.709,2.709,2.712,2.724,2.734,2.742,2.747,2.767,2.786,2.806,2.816,2.824,2.827,2.829,2.833,2.838,2.84,2.841,2.842,2.843,2.847,2.87,2.872,2.878,2.878,2.877,2.883,2.87,2.869,2.871,2.875,2.869,2.879,
1/30/2015,2.288,2.289,2.226,2.233,2.24,2.246,2.249,2.258,2.262,2.267,2.272,2.275,2.277,2.279,2.28,2.28,2.28,2.28,2.278,2.278,2.274,2.274,2.271,2.269,2.266,2.264,2.254,2.272,2.275,2.283,2.288,2.287,2.293,2.298,2.3,2.308,2.32,2.331,2.343,2.35,2.352,2.348,2.346,2.346,2.337,2.338,2.339,2.34,2.334,2.332,2.347,2.353,2.358,2.36,2.359,2.357,2.34,2.338,2.348,2.347,2.345,2.349,
2/27/2015,2.633,2.616,2.475,2.488,2.5,2.509,2.523,2.533,2.543,2.554,2.563,2.571,2.578,2.586,2.592,2.597,2.603,2.604,2.609,2.611,2.616,2.617,2.62,2.623,2.626,2.621,2.638,2.641,2.648,2.65,2.65,2.658,2.664,2.668,2.672,2.67,2.667,2.665,2.676,2.679,2.685,2.686,2.688,2.689,2.691,2.694,2.693,2.695,2.698,2.709,2.715,2.711,2.713,2.711,2.71,2.698,2.692,2.703,2.704,2.702,2.702,2.694,
3/31/2015,2.583,2.554,2.425,2.433,2.439,2.446,2.459,2.468,2.477,2.487,2.496,2.502,2.509,2.514,2.516,2.52,2.525,2.528,2.532,2.532,2.538,2.539,2.54,2.542,2.544,2.539,2.555,2.559,2.567,2.569,2.574,2.586,2.597,2.605,2.615,2.62,2.624,2.629,2.645,2.647,2.651,2.651,2.652,2.652,2.664,2.667,2.666,2.662,2.662,2.665,2.663,2.667,2.666,2.665,2.665,2.658,2.658,2.657,2.653,2.647,2.648,2.641,
4/30/2015,2.812,2.776,2.596,2.605,2.611,2.622,2.639,2.654,2.667,2.679,2.691,2.7,2.712,2.72,2.728,2.736,2.744,2.751,2.757,2.763,2.771,2.776,2.783,2.787,2.792,2.784,2.801,2.806,2.815,2.819,2.819,2.827,2.835,2.837,2.851,2.861,2.869,2.871,2.878,2.887,2.893,2.893,2.895,2.89,2.895,2.9,2.899,2.896,2.891,2.9,2.901,2.901,2.902,2.903,2.907,2.896,2.897,2.894,2.893,2.887,2.889,2.883,
5/29/2015,2.946,2.904,2.699,2.707,2.721,2.741,2.757,2.772,2.787,2.8,2.812,2.826,2.837,2.848,2.857,2.868,2.877,2.885,2.893,2.903,2.912,2.923,2.926,2.931,2.926,2.942,2.946,2.953,2.955,2.956,2.963,2.969,2.969,2.972,2.979,2.99,2.994,2.997,3.001,3.01,3.007,3.016,3.018,3.022,3.033,3.035,3.033,3.023,3.028,3.034,3.039,3.041,3.039,3.041,3.033,3.027,3.025,3.024,3.014,3.016,3.009,2.977,
6/30/2015,3.206,3.145,2.925,2.933,2.947,2.967,2.983,2.998,3.012,3.027,3.039,3.052,3.064,3.076,3.085,3.095,3.105,3.115,3.122,3.128,3.136,3.145,3.148,3.153,3.149,3.172,3.182,3.196,3.204,3.203,3.213,3.228,3.233,3.236,3.243,3.249,3.25,3.259,3.264,3.275,3.277,3.289,3.296,3.301,3.318,3.321,3.314,3.304,3.308,3.311,3.311,3.314,3.314,3.318,3.301,3.297,3.298,3.301,,,,,
7/31/2015,2.992,2.922,2.705,2.712,2.722,2.746,2.755,2.768,2.779,2.798,2.806,2.822,2.839,2.85,2.859,2.869,2.879,2.893,2.899,2.904,2.912,2.92,2.923,2.933,2.921,2.945,2.951,2.963,2.968,2.973,2.985,2.996,3.001,2.997,3.011,3.024,3.023,3.031,3.05,3.055,3.054,3.068,3.078,3.082,3.092,3.101,3.1,3.095,3.102,3.109,3.117,3.114,3.117,3.118,3.098,3.094,3.1,3.107,,,,,
8/31/2015,3.005,2.943,2.755,2.769,2.784,2.802,2.815,2.821,2.834,2.843,2.855,2.869,2.879,2.887,2.894,2.903,2.915,2.921,2.918,2.927,2.933,2.931,2.94,2.922,2.945,2.943,2.954,2.955,2.952,2.973,2.984,2.991,2.98,3.001,3.021,3.024,3.039,3.059,3.064,3.073,3.077,3.094,3.091,3.092,3.101,3.097,3.101,3.11,3.114,3.126,3.127,3.128,3.129,3.102,3.095,3.105,3.116,,,,,,
9/30/2015,2.943,2.853,2.616,2.632,2.648,2.663,2.677,2.693,2.711,2.724,2.737,2.749,2.763,2.772,2.787,2.79,2.804,2.814,2.819,2.83,2.837,2.833,2.848,2.835,2.858,2.854,2.861,2.86,2.856,2.883,2.905,2.921,2.914,2.945,2.962,2.964,2.977,3.004,3.008,3.015,3.026,3.053,3.058,3.063,3.064,3.059,3.055,3.065,3.07,3.086,3.089,3.085,3.099,3.057,3.058,3.064,3.083,,3.095,,,,
10/30/2015,2.973,2.898,2.698,2.703,2.716,2.729,2.745,2.762,2.774,2.788,2.799,2.805,2.825,2.833,2.845,2.856,2.866,2.874,2.879,2.888,2.891,2.887,2.905,2.89,2.906,2.901,2.904,2.912,2.914,2.93,2.939,2.929,2.934,2.959,2.974,2.972,2.996,3.003,3.018,3.028,3.04,3.069,3.073,3.084,3.079,3.079,3.069,3.073,3.088,3.104,3.117,3.108,3.141,3.116,3.11,3.087,3.117,,,,,,
11/30/2015,3.034,2.981,2.777,2.793,2.806,2.821,2.837,2.849,2.86,2.873,2.885,2.902,2.908,2.922,2.935,2.942,2.948,2.963,2.969,2.974,2.978,2.994,2.976,2.99,2.99,2.993,2.994,2.999,3.015,3.026,3.008,3.021,3.043,3.057,3.052,3.057,3.077,3.082,3.088,3.105,3.124,3.122,3.13,3.142,3.138,3.136,3.161,3.155,3.178,3.19,3.188,3.204,3.193,3.18,3.155,3.185,3.187,3.193,,,,,
12/31/2015,3.04,3.013,2.816,2.839,2.855,2.863,2.88,2.895,2.91,2.921,2.926,2.939,2.947,2.969,2.983,2.992,2.999,3.001,3.013,3.016,3.013,3.028,3.024,3.033,3.039,3.042,3.052,3.05,3.059,3.063,3.056,3.057,3.071,3.077,3.072,3.064,3.078,3.084,3.077,3.087,3.112,3.114,3.109,3.129,3.13,3.139,3.153,3.163,3.17,3.19,3.187,3.195,3.186,3.184,3.168,3.178,3.184,3.191,,,,,
1/29/2016,2.775,2.713,2.484,2.505,2.52,2.53,2.545,2.564,2.576,2.59,2.598,2.611,2.619,2.641,2.656,2.664,2.673,2.675,2.688,2.694,2.688,2.704,2.7,2.716,2.727,2.74,2.747,2.738,2.76,2.778,2.784,2.786,2.792,2.796,2.791,2.8,2.819,2.822,2.818,2.826,2.858,2.861,2.875,2.89,2.889,2.894,2.905,2.904,2.918,2.932,2.936,2.947,2.937,2.936,2.927,2.938,2.942,2.951,,,,,
2/29/2016,2.61,2.53,2.313,2.327,2.337,2.351,2.369,2.381,2.391,2.401,2.414,2.417,2.443,2.457,2.464,2.472,2.474,2.486,2.491,2.484,2.498,2.495,2.514,2.527,2.543,2.553,2.551,2.572,2.585,2.588,2.594,2.604,2.609,2.607,2.619,2.64,2.648,2.644,2.653,2.687,2.688,2.697,2.716,2.718,2.721,2.735,2.736,2.763,2.775,2.772,2.788,2.77,2.766,2.767,2.779,2.79,2.808,,,,,,
3/31/2016,2.631,2.549,2.296,2.31,2.325,2.342,2.363,2.372,2.391,2.403,2.419,2.424,2.451,2.467,2.479,2.493,2.508,2.508,2.521,2.518,2.533,2.53,2.543,2.561,2.574,2.583,2.592,2.609,2.621,2.621,2.621,2.633,2.64,2.639,2.644,2.67,2.678,2.691,2.711,2.717,2.719,2.733,2.754,2.75,2.752,2.765,2.763,2.783,2.793,2.788,2.788,2.795,2.793,2.789,2.792,2.792,2.804,,,,,,
4/29/2016,2.673,2.583,2.332,2.35,2.36,2.373,2.393,2.406,2.42,2.438,2.452,2.46,2.474,2.491,2.508,2.517,2.527,2.543,2.558,2.558,2.565,2.565,2.579,2.592,2.606,2.615,2.62,2.632,2.642,2.656,2.665,2.664,2.676,2.682,2.699,2.711,2.724,2.731,2.748,2.757,2.759,2.772,2.782,2.793,2.799,2.804,2.805,2.809,2.816,2.82,2.818,2.832,2.827,2.834,2.838,2.84,2.849,,,,,,
5/31/2016,2.625,2.537,2.306,2.319,2.331,2.347,2.36,2.375,2.385,2.398,2.409,2.424,2.442,2.455,2.465,2.476,2.489,2.494,2.499,2.501,2.502,2.517,2.53,2.542,2.553,2.561,2.578,2.591,2.59,2.605,2.62,2.625,2.623,2.639,2.648,2.671,2.679,2.691,2.705,2.705,2.72,2.73,2.748,2.754,2.753,2.762,2.762,2.763,2.768,2.765,2.781,2.777,2.787,2.789,2.8,2.804,,,,,,,
6/30/2016,2.29,2.19,1.958,1.967,1.971,1.991,2.002,2.018,2.029,2.043,2.055,2.07,2.09,2.103,2.112,2.126,2.135,2.145,2.151,2.155,2.157,2.161,2.175,2.183,2.192,2.209,2.226,2.232,2.229,2.236,2.258,2.266,2.265,2.296,2.314,2.329,2.339,2.354,2.374,2.374,2.386,2.399,2.422,2.425,2.423,2.425,2.436,2.437,2.443,2.439,2.453,2.447,2.459,2.466,2.478,2.481,2.465,,,,,,
7/29/2016,2.16,2.083,1.876,1.883,1.887,1.906,1.916,1.931,1.941,1.954,1.966,1.98,1.998,2.011,2.019,2.033,2.043,2.053,2.058,2.059,2.059,2.064,2.074,2.081,2.089,2.102,2.115,2.121,2.112,2.119,2.142,2.15,2.144,2.17,2.187,2.195,2.203,2.22,2.234,2.233,2.239,2.249,2.265,2.272,2.27,2.269,2.282,2.281,2.29,2.288,2.308,2.302,2.31,2.315,2.328,2.333,2.32,2.331,,,,,
8/31/2016,2.227,2.187,2.002,2.011,2.025,2.036,2.051,2.06,2.069,2.081,2.097,2.115,2.127,2.134,2.148,2.156,2.166,2.173,2.174,2.17,2.182,2.192,2.2,2.213,2.223,2.231,2.232,2.222,2.225,2.239,2.242,2.231,2.252,2.262,2.27,2.274,2.289,2.297,2.297,2.299,2.309,2.319,2.331,2.327,2.324,2.325,2.321,2.334,2.32,2.35,2.346,2.346,2.341,2.346,2.352,2.339,2.349,,,,,,
9/30/2016,2.342,2.284,2.061,2.074,2.09,2.103,2.118,2.127,2.138,2.152,2.169,2.188,2.199,2.211,2.224,2.234,2.242,2.252,2.257,2.258,2.271,2.284,2.294,2.317,2.328,2.339,2.348,2.355,2.36,2.363,2.369,2.371,2.379,2.394,2.403,2.406,2.42,2.428,2.428,2.425,2.429,2.437,2.444,2.444,2.441,2.441,2.444,2.452,2.456,2.46,2.464,2.465,2.466,2.466,2.468,2.462,2.468,2.463,,,,,
10/31/2016,2.603,2.539,2.309,2.317,2.339,2.353,2.369,2.375,2.39,2.4,2.423,2.441,2.453,2.462,2.479,2.491,2.498,2.503,2.514,2.514,2.523,2.526,2.544,2.558,2.569,2.58,2.592,2.6,2.607,2.613,2.62,2.628,2.641,2.649,2.662,2.674,2.685,2.691,2.697,2.697,2.711,2.712,2.725,2.717,2.716,2.72,2.716,2.722,2.725,2.731,2.732,2.728,2.728,2.729,2.733,2.724,2.727,2.727,2.727,,,,
11/30/2016,3.067,3.038,2.866,2.877,2.882,2.896,2.906,2.912,2.922,2.937,2.954,2.959,2.965,2.98,2.984,2.983,2.993,3.005,2.998,3.012,3.016,3.027,3.034,3.05,3.054,3.073,3.077,3.077,3.093,3.103,3.104,3.117,3.127,3.139,3.136,3.148,3.164,3.172,3.168,3.186,3.2,3.203,3.205,3.199,3.195,3.196,3.19,3.189,3.194,3.196,3.179,3.177,3.176,3.169,3.182,3.176,3.172,3.158,,,,,
12/30/2016,3.113,3.084,2.918,2.926,2.929,2.945,2.951,2.955,2.966,2.983,2.993,3.004,3.005,3.019,3.022,3.029,3.031,3.043,3.039,3.051,3.059,3.075,3.079,3.093,3.105,3.112,3.129,3.142,3.149,3.154,3.148,3.16,3.174,3.189,3.189,3.195,3.207,3.211,3.207,3.232,3.242,3.246,3.242,3.251,3.249,3.246,3.249,3.246,3.244,3.242,3.236,3.224,3.222,3.217,3.221,3.22,3.204,3.2,,,,,
1/31/2017,3.104,3.073,2.898,2.905,2.914,2.925,2.943,2.945,2.96,2.967,2.981,2.992,3.01,3.01,3.013,3.025,3.032,3.037,3.04,3.049,3.059,3.071,3.079,3.091,3.106,3.109,3.109,3.125,3.135,3.134,3.136,3.15,3.164,3.163,3.175,3.181,3.188,3.191,3.207,3.208,3.222,3.215,3.221,3.217,3.226,3.212,3.226,3.227,3.234,3.232,3.227,3.219,3.212,3.204,3.202,3.203,3.201,3.191,,,,,
2/28/2017,3.025,2.996,2.826,2.833,2.851,2.849,2.869,2.872,2.879,2.9,2.903,2.91,2.931,2.935,2.942,2.942,2.95,2.945,2.962,2.97,2.988,2.991,3.001,3.018,3.023,3.028,3.04,3.038,3.054,3.052,3.059,3.067,3.081,3.095,3.103,3.111,3.118,3.121,3.126,3.141,3.144,3.142,3.15,3.153,3.155,3.161,3.157,3.162,3.164,3.158,3.148,3.13,3.14,3.126,3.128,3.119,3.112,,,,,,
3/31/2017,3.074,3.035,2.855,2.849,2.878,2.882,2.898,2.905,2.915,2.925,2.943,2.946,2.961,2.969,2.975,2.97,2.988,2.986,3.002,3.003,3.025,3.033,3.043,3.064,3.067,3.076,3.085,3.088,3.1,3.094,3.116,3.114,3.132,3.142,3.146,3.159,3.166,3.173,3.173,3.182,3.175,3.18,3.198,3.196,3.201,3.205,3.205,3.209,3.22,3.205,3.203,3.203,3.194,3.179,3.184,3.172,3.161,3.156,,,,,
4/28/2017,3.003,2.936,2.726,2.727,2.752,2.756,2.774,2.776,2.784,2.807,2.823,2.827,2.843,2.857,2.862,2.868,2.88,2.889,2.903,2.9,2.916,2.927,2.947,2.968,2.98,2.978,2.977,2.994,3.004,3.002,3.025,3.032,3.054,3.057,3.072,3.074,3.09,3.091,3.103,3.092,3.104,3.118,3.128,3.135,3.134,3.134,3.13,3.142,3.149,3.136,3.134,3.134,3.127,3.12,3.127,3.11,3.107,3.1,,,,,
5/31/2017,2.895,2.835,2.632,2.65,2.653,2.677,2.677,2.689,2.703,2.722,2.728,2.74,2.76,2.762,2.772,2.779,2.788,2.799,2.793,2.814,2.807,2.832,2.848,2.851,2.872,2.867,2.884,2.896,2.895,2.917,2.91,2.934,2.937,2.953,2.962,2.966,2.965,2.98,2.977,2.978,2.999,3.009,3.012,3.012,3.021,3.019,3.03,3.03,3.025,3.024,3.016,3.011,3.012,3.018,3.006,2.999,2.997,,,,,,
6/30/2017,2.87,2.823,2.676,2.683,2.691,2.698,2.704,2.711,2.719,2.728,2.735,2.74,2.746,2.753,2.756,2.763,2.761,2.773,2.789,2.796,2.808,2.816,2.833,2.839,2.845,2.861,2.865,2.871,2.88,2.891,2.897,2.898,2.914,2.912,2.921,2.931,2.933,2.939,2.934,2.941,2.952,2.956,2.959,2.961,2.971,2.974,2.978,2.978,2.976,2.975,2.982,2.971,2.975,2.972,2.966,2.959,2.96,2.95,,,,,
7/31/2017,2.932,2.875,2.704,2.72,2.728,2.735,2.739,2.747,2.762,2.772,2.776,2.789,2.796,2.801,2.813,2.823,2.82,2.831,2.841,2.851,2.854,2.87,2.885,2.885,2.911,2.915,2.924,2.934,2.937,2.95,2.952,2.959,2.969,2.973,2.982,2.986,2.993,3,2.996,2.999,3.015,3.017,3.023,3.028,3.034,3.03,3.036,3.046,3.035,3.041,3.044,3.042,3.037,3.037,3.029,3.026,3.023,3.016,,,,,
8/31/2017,2.743,2.681,2.514,2.521,2.532,2.539,2.549,2.557,2.571,2.57,2.582,2.588,2.595,2.601,2.616,2.615,2.626,2.635,2.648,2.645,2.664,2.68,2.687,2.701,2.708,2.718,2.73,2.737,2.744,2.754,2.761,2.768,2.776,2.78,2.79,2.804,2.804,2.801,2.812,2.827,2.827,2.829,2.839,2.843,2.848,2.86,2.863,2.858,2.865,2.853,2.86,2.856,2.856,2.852,2.85,2.845,2.842,,2.848,,,,
9/29/2017,2.878,2.837,2.694,2.7,2.712,2.719,2.729,2.736,2.745,2.749,2.759,2.762,2.769,2.77,2.781,2.785,2.796,2.801,2.812,2.813,2.825,2.841,2.841,2.852,2.861,2.867,2.875,2.875,2.884,2.893,2.899,2.902,2.91,2.916,2.922,2.925,2.929,2.934,2.946,2.952,2.956,2.956,2.965,2.966,2.98,2.985,2.986,2.984,2.985,2.976,3.006,2.975,2.977,2.969,2.963,2.961,2.959,2.976,2.962,,,,
10/31/2017,2.888,2.857,2.726,2.729,2.745,2.743,2.754,2.768,2.772,2.776,2.788,2.791,2.797,2.802,2.811,2.809,2.826,2.832,2.842,2.845,2.854,2.866,2.858,2.872,2.868,2.881,2.878,2.888,2.888,2.893,2.909,2.915,2.911,2.92,2.927,2.93,2.933,2.943,2.949,2.968,2.959,2.964,2.968,2.984,2.994,2.999,2.996,2.998,2.999,2.994,2.989,2.983,2.981,2.979,2.974,2.971,2.967,2.968,2.974,,,,
11/30/2017,2.843,2.827,2.73,2.737,2.743,2.748,2.76,2.757,2.757,2.765,2.772,2.774,2.782,2.784,2.778,2.791,2.792,2.801,2.805,2.812,2.823,2.821,2.829,2.841,2.839,2.843,2.842,2.843,2.844,2.852,2.862,2.866,2.874,2.889,2.887,2.896,2.902,2.908,2.912,2.913,2.92,2.921,2.929,2.932,2.936,2.94,2.937,2.946,2.932,2.937,2.931,2.93,2.921,2.92,2.913,2.911,2.906,2.912,2.904,,,,
12/29/2017,2.75,2.745,2.66,2.671,2.668,2.681,2.686,2.691,2.688,2.702,2.704,2.708,2.71,2.717,2.717,2.725,2.729,2.735,2.733,2.741,2.751,2.76,2.751,2.754,2.75,2.754,2.751,2.758,2.747,2.755,2.767,2.77,2.77,2.78,2.793,2.798,2.803,2.807,2.81,2.81,2.814,2.816,2.821,2.823,2.829,2.833,2.833,2.832,2.837,2.833,2.829,2.825,2.819,2.814,2.809,2.804,2.8,2.807,2.809,,,,
1/31/2018,2.942,2.959,2.928,2.927,2.93,2.933,2.942,2.938,2.933,2.944,2.94,2.941,2.948,2.945,2.944,2.948,2.957,2.961,2.962,2.964,2.96,2.965,2.957,2.96,2.957,2.967,2.965,2.962,2.95,2.951,2.959,2.965,2.965,2.971,2.968,2.973,2.979,2.985,2.984,2.987,2.993,2.994,2.992,2.995,3.006,3.008,3.006,3.006,3.005,3.002,2.995,2.996,2.991,2.977,2.984,2.984,2.98,2.98,2.983,,,,
2/28/2018,3.141,3.155,3.118,3.12,3.124,3.135,3.137,3.131,3.133,3.138,3.133,3.135,3.14,3.13,3.141,3.145,3.147,3.15,3.145,3.15,3.146,3.147,3.139,3.144,3.155,3.158,3.155,3.156,3.147,3.15,3.16,3.165,3.171,3.177,3.177,3.183,3.185,3.188,3.191,3.193,3.199,3.198,3.201,3.208,3.22,3.212,3.204,3.208,3.205,3.204,3.199,3.195,3.187,3.188,3.182,3.186,3.194,3.186,3.197,,,,
3/30/2018,2.976,2.981,2.941,2.95,2.953,2.958,2.949,2.952,2.951,2.953,2.963,2.954,2.96,2.951,2.961,2.963,2.966,2.969,2.966,2.967,2.972,2.97,2.974,2.964,2.971,2.98,2.976,2.973,2.98,2.987,2.991,2.996,3.002,3.006,3.01,3.014,3.018,3.018,3.027,3.032,3.034,3.038,3.042,3.045,3.043,3.046,3.044,3.043,3.042,3.045,3.034,3.036,3.024,3.03,3.021,3.026,3.034,3.022,3.035,,,,
